<?xml version="1.0" encoding="UTF-8"?>
<hello xmlns="urn:ietf:params:xml:ns:netconf:base:1.0">
  <capabilities>
    <capability>urn:ietf:params:netconf:base:1.0</capability>
  </capabilities>
</hello>
]]>]]>
<rpc message-id="1" xmlns="urn:ietf:params:xml:ns:netconf:base:1.0">
  <edit-config>
    <target>
      <running />
    </target>
    <config xmlns:xc="urn:ietf:params:xml:ns:netconf:base:1.0">
      <ManagedElement xmlns="urn:com:ericsson:ecim:ComTop">
        <managedElementId>1</managedElementId>
        <dnPrefix>SubNetwork=ONRM_ROOT_MO,SubNetwork=Riyadh_Nodes,MeContext=EAK065</dnPrefix>
        <SystemFunctions>
          <systemFunctionsId>1</systemFunctionsId>
          <Lm xmlns="urn:com:ericsson:ecim:RcsLM">
            <lmId>1</lmId>
            <fingerprint>4G6BB6630_EAK065</fingerprint>
          </Lm>
        </SystemFunctions>
      </ManagedElement>
    </config>
  </edit-config>
</rpc>
]]>]]>
<rpc message-id="Closing" xmlns="urn:ietf:params:xml:ns:netconf:base:1.0">
  <close-session></close-session>
</rpc>
]]>]]>
<?xml version="1.0" encoding="UTF-8"?>
<hello xmlns="urn:ietf:params:xml:ns:netconf:base:1.0">
  <capabilities>
    <capability>urn:ietf:params:netconf:base:1.0</capability>
  </capabilities>
</hello>
]]>]]>
<rpc message-id="2" xmlns="urn:ietf:params:xml:ns:netconf:base:1.0">
  <edit-config>
    <target>
      <running />
    </target>
    <config xmlns:xc="urn:ietf:params:xml:ns:netconf:base:1.0">
      <ManagedElement xmlns="urn:com:ericsson:ecim:ComTop">
        <managedElementId>1</managedElementId>
        <SystemFunctions>
          <systemFunctionsId>1</systemFunctionsId>
          <Lm xmlns="urn:com:ericsson:ecim:RcsLM">
            <lmId>1</lmId>
            <FeatureState>
              <featureStateId>CXC4011823</featureStateId>
              <featureState>ACTIVATED</featureState>
            </FeatureState>
            <FeatureState>
              <featureStateId>CXC4011838</featureStateId>
              <featureState>DEACTIVATED</featureState>
            </FeatureState>
            <FeatureState>
              <featureStateId>CXC4011915</featureStateId>
              <featureState>DEACTIVATED</featureState>
            </FeatureState>
            <FeatureState>
              <featureStateId>CXC4040004</featureStateId>
              <featureState>ACTIVATED</featureState>
            </FeatureState>
            <FeatureState>
              <featureStateId>CXC4040006</featureStateId>
              <featureState>DEACTIVATED</featureState>
            </FeatureState>
          </Lm>
        </SystemFunctions>
      </ManagedElement>
    </config>
  </edit-config>
</rpc>
]]>]]>
<rpc message-id="Closing" xmlns="urn:ietf:params:xml:ns:netconf:base:1.0">
  <close-session></close-session>
</rpc>
]]>]]>
<?xml version="1.0" encoding="UTF-8"?>
<hello xmlns="urn:ietf:params:xml:ns:netconf:base:1.0">
  <capabilities>
    <capability>urn:ietf:params:netconf:base:1.0</capability>
  </capabilities>
</hello>
]]>]]>
<rpc message-id="3" xmlns="urn:ietf:params:xml:ns:netconf:base:1.0">
  <edit-config>
    <target>
      <running />
    </target>
    <config xmlns:xc="urn:ietf:params:xml:ns:netconf:base:1.0">
      <ManagedElement xmlns="urn:com:ericsson:ecim:ComTop">
        <managedElementId>1</managedElementId>
        <SystemFunctions>
          <systemFunctionsId>1</systemFunctionsId>
          <SecM xmlns="urn:com:ericsson:ecim:RcsSecM">
            <secMId>1</secMId>
            <CertM xmlns="urn:com:ericsson:ecim:RcsCertM">
              <certMId>1</certMId>
              <EnrollmentAuthority>
                <enrollmentAuthorityId>1</enrollmentAuthorityId>
                <enrollmentCaFingerprint>2D:4E:EB:EF:8F:7F:76:EE:F7:89:9F:7F:46:CE:78:05:8C:86:D8:82</enrollmentCaFingerprint>
                <enrollmentAuthorityName>OU=ericssonOAM, O=Ericsson, C=SA, CN=NE_OAM_CA</enrollmentAuthorityName>
              </EnrollmentAuthority>
              <EnrollmentServerGroup>
                <enrollmentServerGroupId>1</enrollmentServerGroupId>
                <EnrollmentServer>
                  <enrollmentServerId>1</enrollmentServerId>
                  <uri>http://10.21.233.11:8091/pkira-cmp/synch</uri>
                  <protocol>CMP</protocol>
                </EnrollmentServer>
              </EnrollmentServerGroup>
              <NodeCredential>
                <nodeCredentialId>1</nodeCredentialId>
                <subjectName>CN=EAK065</subjectName>
                <enrollmentTimer>60</enrollmentTimer>
                <enrollmentServerGroup>ManagedElement=1,SystemFunctions=1,SecM=1,CertM=1,EnrollmentServerGroup=1</enrollmentServerGroup>
                <keyInfo>RSA_2048</keyInfo>
                <renewalMode>MANUAL</renewalMode>
                <enrollmentAuthority>ManagedElement=1,SystemFunctions=1,SecM=1,CertM=1,EnrollmentAuthority=1</enrollmentAuthority>
                <expiryAlarmThreshold>30</expiryAlarmThreshold>
              </NodeCredential>
            </CertM>
          </SecM>
        </SystemFunctions>
      </ManagedElement>
    </config>
  </edit-config>
</rpc>
]]>]]>
<rpc message-id="Closing" xmlns="urn:ietf:params:xml:ns:netconf:base:1.0">
  <close-session></close-session>
</rpc>
]]>]]>
<?xml version="1.0" encoding="UTF-8"?>
<hello xmlns="urn:ietf:params:xml:ns:netconf:base:1.0">
  <capabilities>
    <capability>urn:ietf:params:netconf:base:1.0</capability>
  </capabilities>
</hello>
]]>]]>
<rpc message-id="4" xmlns="urn:ietf:params:xml:ns:netconf:base:1.0">
  <action xmlns="urn:com:ericsson:ecim:1.0">
    <data>
      <ManagedElement>
        <managedElementId>1</managedElementId>
        <SystemFunctions>
          <systemFunctionsId>1</systemFunctionsId>
          <SecM>
            <secMId>1</secMId>
            <CertM>
              <certMId>1</certMId>
              <NodeCredential>
                <nodeCredentialId>1</nodeCredentialId>
                <startOnlineEnrollment>
                  <challengePassword>NULL</challengePassword>
                </startOnlineEnrollment>
              </NodeCredential>
            </CertM>
          </SecM>
        </SystemFunctions>
      </ManagedElement>
    </data>
  </action>
</rpc>
]]>]]>
<rpc message-id="Closing" xmlns="urn:ietf:params:xml:ns:netconf:base:1.0">
  <close-session></close-session>
</rpc>
]]>]]>
<?xml version="1.0" encoding="UTF-8"?>
<hello xmlns="urn:ietf:params:xml:ns:netconf:base:1.0">
  <capabilities>
    <capability>urn:ietf:params:netconf:base:1.0</capability>
  </capabilities>
</hello>
]]>]]>
<rpc message-id="5" xmlns="urn:ietf:params:xml:ns:netconf:base:1.0">
  <edit-config>
    <target>
      <running />
    </target>
    <config xmlns:xc="urn:ietf:params:xml:ns:netconf:base:1.0">
      <ManagedElement xmlns="urn:com:ericsson:ecim:ComTop">
        <managedElementId>1</managedElementId>
        <SystemFunctions>
          <systemFunctionsId>1</systemFunctionsId>
          <SecM xmlns="urn:com:ericsson:ecim:RcsSecM">
            <secMId>1</secMId>
            <UserManagement>
              <userManagementId>1</userManagementId>
              <legalNotice>IF YOU ARE NOT AN AUTHORIZED USER, PLEASE EXIT IMMEDIATELY</legalNotice>
              <loginFailureDelay>5</loginFailureDelay>
              <LdapAuthenticationMethod xmlns="urn:com:ericsson:ecim:RcsLdapAuthentication">
                <ldapAuthenticationMethodId>1</ldapAuthenticationMethodId>
                <administrativeState>UNLOCKED</administrativeState>
              </LdapAuthenticationMethod>
              <UserIdentity xmlns="urn:com:ericsson:ecim:RcsUser">
                <userIdentityId>1</userIdentityId>
                <MaintenanceUser>
                  <maintenanceUserId>1</maintenanceUserId>
                  <userName>rbs</userName>
                  <password>
                    <cleartext />
                    <password>rbs</password>
                  </password>
                </MaintenanceUser>
              </UserIdentity>
            </UserManagement>
          </SecM>
          <SysM xmlns="urn:com:ericsson:ecim:RcsSysM">
            <sysMId>1</sysMId>
            <Cli>
              <cliId>1</cliId>
              <idleTimer>15</idleTimer>
            </Cli>
            <NetconfSsh>
              <netconfSshId>1</netconfSshId>
              <administrativeState>UNLOCKED</administrativeState>
              <port>830</port>
            </NetconfSsh>
          </SysM>
        </SystemFunctions>
        <Transport>
          <transportId>1</transportId>
          <Router xmlns="urn:com:ericsson:ecim:RtnL3Router">
            <routerId>vr_OAM</routerId>
            <hopLimit>64</hopLimit>
            <pathMtuExpiresIPv6>86400</pathMtuExpiresIPv6>
            <ttl>64</ttl>
          </Router>
        </Transport>
        <Transport>
          <transportId>1</transportId>
          <EthernetPort xmlns="urn:com:ericsson:ecim:RtnL2EthernetPort">
            <ethernetPortId>TN_C</ethernetPortId>
            <administrativeState>UNLOCKED</administrativeState>
            <admOperatingMode>1G_FULL</admOperatingMode>
            <autoNegEnable>true</autoNegEnable>
            <encapsulation>ManagedElement=1,Equipment=1,FieldReplaceableUnit=BB6630,TnPort=TN_C</encapsulation>
          </EthernetPort>
          <VlanPort xmlns="urn:com:ericsson:ecim:RtnL2VlanPort">
            <vlanPortId>3725</vlanPortId>
            <encapsulation>ManagedElement=1,Transport=1,EthernetPort=TN_C</encapsulation>
            <isTagged>true</isTagged>
            <lowLatencySwitching>false</lowLatencySwitching>
            <vlanId>3725</vlanId>
          </VlanPort>
          <Router xmlns="urn:com:ericsson:ecim:RtnL3Router">
            <routerId>vr_OAM</routerId>
            <InterfaceIPv4 xmlns="urn:com:ericsson:ecim:RtnL3InterfaceIPv4">
              <interfaceIPv4Id>1</interfaceIPv4Id>
              <arpTimeout>300</arpTimeout>
              <bfdStaticRoutes>DISABLED</bfdStaticRoutes>
              <encapsulation>ManagedElement=1,Transport=1,VlanPort=3725</encapsulation>
              <mtu>1500</mtu>
              <pcpArp>6</pcpArp>
              <routesHoldDownTimer>180</routesHoldDownTimer>
              <AddressIPv4>
                <addressIPv4Id>1</addressIPv4Id>
                <address>10.140.215.181/29</address>
                <configurationMode>MANUAL</configurationMode>
                <dhcpClientIdentifierType>AUTOMATIC</dhcpClientIdentifierType>
              </AddressIPv4>
            </InterfaceIPv4>
          </Router>
        </Transport>
        <SystemFunctions>
          <systemFunctionsId>1</systemFunctionsId>
          <SysM xmlns="urn:com:ericsson:ecim:RcsSysM">
            <sysMId>1</sysMId>
            <OamAccessPoint>
              <oamAccessPointId>1</oamAccessPointId>
              <accessPoint>ManagedElement=1,Transport=1,Router=vr_OAM,InterfaceIPv4=1,AddressIPv4=1</accessPoint>
            </OamAccessPoint>
            <OamTrafficClass>
              <oamTrafficClassId>1</oamTrafficClassId>
              <dscp>16</dscp>
            </OamTrafficClass>
            <Snmp xmlns="urn:com:ericsson:ecim:RcsSnmp">
              <snmpId>1</snmpId>
              <administrativeState>UNLOCKED</administrativeState>
              <enableSourceCheckForV1V2C>false</enableSourceCheckForV1V2C>
              <port>161</port>
              <portDtls>10161</portDtls>
              <agentAddress>
                <host>0.0.0.0</host>
                <port>161</port>
              </agentAddress>
              <SnmpTargetV3>
                <snmpTargetV3Id>ENMFM</snmpTargetV3Id>
                <user>EricssonOSSv3</user>
                <authProtocol>MD5</authProtocol>
                <privProtocol>DES</privProtocol>
                <informRetryCount>1</informRetryCount>
                <administrativeState>UNLOCKED</administrativeState>
                <address>10.21.233.50</address>
                <port>162</port>
                <informTimeout>300</informTimeout>
                <transportMethod>TRAP</transportMethod>
                <snmpSecurityLevel>NO_AUTH_NO_PRIV</snmpSecurityLevel>
                <isMibWritable>true</isMibWritable>
                <authKey>
                  <password>1:AkH5yCxSSWn3QVigxIJTF7+dFxs=</password>
                </authKey>
                <privKey>
                  <password>1:pQQoT0fmCWTJMFYxeaUyca1Zl4s=</password>
                </privKey>
              </SnmpTargetV3>
            </Snmp>
            <TimeM xmlns="urn:com:ericsson:ecim:RcsTimeM">
              <timeMId>1</timeMId>
              <Ntp>
                <ntpId>1</ntpId>
                <NtpServer>
                  <ntpServerId>1</ntpServerId>
                  <userLabel>NTP1</userLabel>
                  <serverAddress>10.21.233.12</serverAddress>
                  <administrativeState>UNLOCKED</administrativeState>
                </NtpServer>
                <NtpServer>
                  <ntpServerId>2</ntpServerId>
                  <userLabel>NTP2</userLabel>
                  <serverAddress>10.21.233.13</serverAddress>
                  <administrativeState>UNLOCKED</administrativeState>
                </NtpServer>
              </Ntp>
            </TimeM>
          </SysM>
        </SystemFunctions>
        <Transport>
          <transportId>1</transportId>
          <Router xmlns="urn:com:ericsson:ecim:RtnL3Router">
            <routerId>LTE_CP_UP</routerId>
            <hopLimit>64</hopLimit>
            <pathMtuExpiresIPv6>86400</pathMtuExpiresIPv6>
            <ttl>64</ttl>
          </Router>
          <VlanPort xmlns="urn:com:ericsson:ecim:RtnL2VlanPort">
            <vlanPortId>1472</vlanPortId>
            <encapsulation>ManagedElement=1,Transport=1,EthernetPort=TN_C</encapsulation>
            <isTagged>true</isTagged>
            <lowLatencySwitching>false</lowLatencySwitching>
            <vlanId>1472</vlanId>
          </VlanPort>
          <Router xmlns="urn:com:ericsson:ecim:RtnL3Router">
            <routerId>LTE_CP_UP</routerId>
            <InterfaceIPv4 xmlns="urn:com:ericsson:ecim:RtnL3InterfaceIPv4">
              <interfaceIPv4Id>1</interfaceIPv4Id>
              <arpTimeout>300</arpTimeout>
              <bfdStaticRoutes>DISABLED</bfdStaticRoutes>
              <encapsulation>ManagedElement=1,Transport=1,VlanPort=1472</encapsulation>
              <mtu>1500</mtu>
              <pcpArp>6</pcpArp>
              <routesHoldDownTimer>180</routesHoldDownTimer>
              <AddressIPv4>
                <addressIPv4Id>1</addressIPv4Id>
                <address>10.226.63.249/30</address>
                <configurationMode>MANUAL</configurationMode>
                <dhcpClientIdentifierType>AUTOMATIC</dhcpClientIdentifierType>
              </AddressIPv4>
            </InterfaceIPv4>
            <RouteTableIPv4Static xmlns="urn:com:ericsson:ecim:RtnRoutesStaticRouteIPv4">
              <routeTableIPv4StaticId>1</routeTableIPv4StaticId>
              <Dst>
                <dstId>1</dstId>
                <dst>0.0.0.0/0</dst>
                <NextHop>
                  <nextHopId>1</nextHopId>
                  <address>10.226.63.250</address>
                  <adminDistance>1</adminDistance>
                  <bfdMonitoring>true</bfdMonitoring>
                </NextHop>
              </Dst>
            </RouteTableIPv4Static>
          </Router>
          <Router xmlns="urn:com:ericsson:ecim:RtnL3Router">
            <routerId>vr_OAM</routerId>
            <RouteTableIPv4Static xmlns="urn:com:ericsson:ecim:RtnRoutesStaticRouteIPv4">
              <routeTableIPv4StaticId>1</routeTableIPv4StaticId>
              <Dst>
                <dstId>1</dstId>
                <dst>0.0.0.0/0</dst>
                <NextHop>
                  <nextHopId>1</nextHopId>
                  <address>10.140.215.182</address>
                  <adminDistance>10</adminDistance>
                  <bfdMonitoring>true</bfdMonitoring>
                </NextHop>
              </Dst>
            </RouteTableIPv4Static>
          </Router>
        </Transport>
        <Equipment xmlns="urn:com:ericsson:ecim:ReqEquipment">
          <equipmentId>1</equipmentId>
          <FieldReplaceableUnit xmlns="urn:com:ericsson:ecim:ReqFieldReplaceableUnit">
            <fieldReplaceableUnitId>BB6630</fieldReplaceableUnitId>
            <TnPort xmlns="urn:com:ericsson:ecim:ReqTnPort">
              <tnPortId>TN_C</tnPortId>
            </TnPort>
          </FieldReplaceableUnit>
        </Equipment>
      </ManagedElement>
    </config>
  </edit-config>
</rpc>
]]>]]>
<rpc message-id="Closing" xmlns="urn:ietf:params:xml:ns:netconf:base:1.0">
  <close-session></close-session>
</rpc>
]]>]]>
<?xml version="1.0" encoding="UTF-8"?>
<hello xmlns="urn:ietf:params:xml:ns:netconf:base:1.0">
  <capabilities>
    <capability>urn:ietf:params:netconf:base:1.0</capability>
  </capabilities>
</hello>
]]>]]>
<rpc message-id="6" xmlns="urn:ietf:params:xml:ns:netconf:base:1.0">
  <edit-config>
    <target>
      <running />
    </target>
    <config xmlns:xc="urn:ietf:params:xml:ns:netconf:base:1.0">
      <ManagedElement xmlns="urn:com:ericsson:ecim:ComTop">
        <managedElementId>1</managedElementId>
        <networkManagedElementId>EAK065</networkManagedElementId>
      </ManagedElement>
    </config>
  </edit-config>
</rpc>
]]>]]>
<rpc message-id="Closing" xmlns="urn:ietf:params:xml:ns:netconf:base:1.0">
  <close-session></close-session>
</rpc>
]]>]]>
