<?xml version="1.0" encoding="UTF-8"?>
<hello xmlns="urn:ietf:params:xml:ns:netconf:base:1.0">
  <capabilities>
    <capability>urn:ietf:params:netconf:base:1.0</capability>
  </capabilities>
</hello>
]]>]]>
<rpc message-id="1" xmlns="urn:ietf:params:xml:ns:netconf:base:1.0">
  <edit-config>
    <target>
      <running />
    </target>
    <config xmlns:xc="urn:ietf:params:xml:ns:netconf:base:1.0">
      <ManagedElement xmlns="urn:com:ericsson:ecim:ComTop">
        <managedElementId>1</managedElementId>
        <userLabel>EJD779</userLabel>
        <Equipment xmlns="urn:com:ericsson:ecim:ReqEquipment">
          <equipmentId>1</equipmentId>
          <AntennaUnitGroup xmlns="urn:com:ericsson:ecim:ReqAntennaSystem">
            <antennaUnitGroupId>1</antennaUnitGroupId>
            <AntennaUnit>
              <antennaUnitId>1</antennaUnitId>
              <mechanicalAntennaTilt>0</mechanicalAntennaTilt>
              <AntennaSubunit>
                <antennaSubunitId>1</antennaSubunitId>
                <azimuthHalfPowerBeamwidth>65</azimuthHalfPowerBeamwidth>
                <commonChBeamfrmPortMap>CROSS_POLARIZED</commonChBeamfrmPortMap>
                <maxTotalTilt>900</maxTotalTilt>
                <minTotalTilt>-900</minTotalTilt>
                <AuPort>
                  <auPortId>1</auPortId>
                </AuPort>
                <AuPort>
                  <auPortId>2</auPortId>
                </AuPort>
              </AntennaSubunit>
              <AntennaSubunit>
                <antennaSubunitId>2</antennaSubunitId>
                <azimuthHalfPowerBeamwidth>65</azimuthHalfPowerBeamwidth>
                <commonChBeamfrmPortMap>CROSS_POLARIZED</commonChBeamfrmPortMap>
                <maxTotalTilt>900</maxTotalTilt>
                <minTotalTilt>-900</minTotalTilt>
                <AuPort>
                  <auPortId>3</auPortId>
                </AuPort>
                <AuPort>
                  <auPortId>4</auPortId>
                </AuPort>
              </AntennaSubunit>
            </AntennaUnit>
          </AntennaUnitGroup>
          <FieldReplaceableUnit xmlns="urn:com:ericsson:ecim:ReqFieldReplaceableUnit">
            <fieldReplaceableUnitId>ERS-1</fieldReplaceableUnitId>
            <administrativeState>UNLOCKED</administrativeState>
            <isSharedWithExternalMe>false</isSharedWithExternalMe>
            <RfPort xmlns="urn:com:ericsson:ecim:ReqRfPort">
              <rfPortId>A</rfPortId>
              <vswrSupervisionActive>true</vswrSupervisionActive>
              <vswrSupervisionSensitivity>80</vswrSupervisionSensitivity>
              <administrativeState>UNLOCKED</administrativeState>
              <antennaSupervisionActive>false</antennaSupervisionActive>
            </RfPort>
          </FieldReplaceableUnit>
          <AntennaUnitGroup xmlns="urn:com:ericsson:ecim:ReqAntennaSystem">
            <antennaUnitGroupId>1</antennaUnitGroupId>
            <RfBranch>
              <rfBranchId>1</rfBranchId>
              <auPortRef>ManagedElement=1,Equipment=1,AntennaUnitGroup=1,AntennaUnit=1,AntennaSubunit=1,AuPort=1</auPortRef>
              <dlAttenuation>0</dlAttenuation>
              <dlTrafficDelay>0</dlTrafficDelay>
              <rfPortRef>ManagedElement=1,Equipment=1,FieldReplaceableUnit=ERS-1,RfPort=A</rfPortRef>
              <ulAttenuation>0</ulAttenuation>
              <ulTrafficDelay>0</ulTrafficDelay>
            </RfBranch>
          </AntennaUnitGroup>
          <FieldReplaceableUnit xmlns="urn:com:ericsson:ecim:ReqFieldReplaceableUnit">
            <fieldReplaceableUnitId>ERS-1</fieldReplaceableUnitId>
            <RfPort xmlns="urn:com:ericsson:ecim:ReqRfPort">
              <rfPortId>B</rfPortId>
              <vswrSupervisionActive>true</vswrSupervisionActive>
              <vswrSupervisionSensitivity>80</vswrSupervisionSensitivity>
              <administrativeState>UNLOCKED</administrativeState>
              <antennaSupervisionActive>false</antennaSupervisionActive>
            </RfPort>
          </FieldReplaceableUnit>
          <AntennaUnitGroup xmlns="urn:com:ericsson:ecim:ReqAntennaSystem">
            <antennaUnitGroupId>1</antennaUnitGroupId>
            <RfBranch>
              <rfBranchId>2</rfBranchId>
              <auPortRef>ManagedElement=1,Equipment=1,AntennaUnitGroup=1,AntennaUnit=1,AntennaSubunit=1,AuPort=2</auPortRef>
              <dlAttenuation>0</dlAttenuation>
              <dlTrafficDelay>0</dlTrafficDelay>
              <rfPortRef>ManagedElement=1,Equipment=1,FieldReplaceableUnit=ERS-1,RfPort=B</rfPortRef>
              <ulAttenuation>0</ulAttenuation>
              <ulTrafficDelay>0</ulTrafficDelay>
            </RfBranch>
          </AntennaUnitGroup>
          <FieldReplaceableUnit xmlns="urn:com:ericsson:ecim:ReqFieldReplaceableUnit">
            <fieldReplaceableUnitId>ERS-4</fieldReplaceableUnitId>
            <administrativeState>UNLOCKED</administrativeState>
            <isSharedWithExternalMe>false</isSharedWithExternalMe>
            <RfPort xmlns="urn:com:ericsson:ecim:ReqRfPort">
              <rfPortId>A</rfPortId>
              <vswrSupervisionActive>true</vswrSupervisionActive>
              <vswrSupervisionSensitivity>80</vswrSupervisionSensitivity>
              <administrativeState>UNLOCKED</administrativeState>
              <antennaSupervisionActive>false</antennaSupervisionActive>
            </RfPort>
          </FieldReplaceableUnit>
          <AntennaUnitGroup xmlns="urn:com:ericsson:ecim:ReqAntennaSystem">
            <antennaUnitGroupId>1</antennaUnitGroupId>
            <RfBranch>
              <rfBranchId>3</rfBranchId>
              <auPortRef>ManagedElement=1,Equipment=1,AntennaUnitGroup=1,AntennaUnit=1,AntennaSubunit=2,AuPort=3</auPortRef>
              <dlAttenuation>0</dlAttenuation>
              <dlTrafficDelay>0</dlTrafficDelay>
              <rfPortRef>ManagedElement=1,Equipment=1,FieldReplaceableUnit=ERS-4,RfPort=A</rfPortRef>
              <ulAttenuation>0</ulAttenuation>
              <ulTrafficDelay>0</ulTrafficDelay>
            </RfBranch>
          </AntennaUnitGroup>
          <FieldReplaceableUnit xmlns="urn:com:ericsson:ecim:ReqFieldReplaceableUnit">
            <fieldReplaceableUnitId>ERS-4</fieldReplaceableUnitId>
            <RfPort xmlns="urn:com:ericsson:ecim:ReqRfPort">
              <rfPortId>B</rfPortId>
              <vswrSupervisionActive>true</vswrSupervisionActive>
              <vswrSupervisionSensitivity>80</vswrSupervisionSensitivity>
              <administrativeState>UNLOCKED</administrativeState>
              <antennaSupervisionActive>false</antennaSupervisionActive>
            </RfPort>
          </FieldReplaceableUnit>
          <AntennaUnitGroup xmlns="urn:com:ericsson:ecim:ReqAntennaSystem">
            <antennaUnitGroupId>1</antennaUnitGroupId>
            <RfBranch>
              <rfBranchId>4</rfBranchId>
              <auPortRef>ManagedElement=1,Equipment=1,AntennaUnitGroup=1,AntennaUnit=1,AntennaSubunit=2,AuPort=4</auPortRef>
              <dlAttenuation>0</dlAttenuation>
              <dlTrafficDelay>0</dlTrafficDelay>
              <rfPortRef>ManagedElement=1,Equipment=1,FieldReplaceableUnit=ERS-4,RfPort=B</rfPortRef>
              <ulAttenuation>0</ulAttenuation>
              <ulTrafficDelay>0</ulTrafficDelay>
            </RfBranch>
          </AntennaUnitGroup>
          <AntennaUnitGroup xmlns="urn:com:ericsson:ecim:ReqAntennaSystem">
            <antennaUnitGroupId>2</antennaUnitGroupId>
            <AntennaUnit>
              <antennaUnitId>1</antennaUnitId>
              <mechanicalAntennaTilt>0</mechanicalAntennaTilt>
              <AntennaSubunit>
                <antennaSubunitId>1</antennaSubunitId>
                <azimuthHalfPowerBeamwidth>65</azimuthHalfPowerBeamwidth>
                <commonChBeamfrmPortMap>CROSS_POLARIZED</commonChBeamfrmPortMap>
                <maxTotalTilt>900</maxTotalTilt>
                <minTotalTilt>-900</minTotalTilt>
                <AuPort>
                  <auPortId>1</auPortId>
                </AuPort>
                <AuPort>
                  <auPortId>2</auPortId>
                </AuPort>
              </AntennaSubunit>
              <AntennaSubunit>
                <antennaSubunitId>2</antennaSubunitId>
                <azimuthHalfPowerBeamwidth>65</azimuthHalfPowerBeamwidth>
                <commonChBeamfrmPortMap>CROSS_POLARIZED</commonChBeamfrmPortMap>
                <maxTotalTilt>900</maxTotalTilt>
                <minTotalTilt>-900</minTotalTilt>
                <AuPort>
                  <auPortId>3</auPortId>
                </AuPort>
                <AuPort>
                  <auPortId>4</auPortId>
                </AuPort>
              </AntennaSubunit>
            </AntennaUnit>
          </AntennaUnitGroup>
          <FieldReplaceableUnit xmlns="urn:com:ericsson:ecim:ReqFieldReplaceableUnit">
            <fieldReplaceableUnitId>ERS-2</fieldReplaceableUnitId>
            <administrativeState>UNLOCKED</administrativeState>
            <isSharedWithExternalMe>false</isSharedWithExternalMe>
            <RfPort xmlns="urn:com:ericsson:ecim:ReqRfPort">
              <rfPortId>A</rfPortId>
              <vswrSupervisionActive>true</vswrSupervisionActive>
              <vswrSupervisionSensitivity>80</vswrSupervisionSensitivity>
              <administrativeState>UNLOCKED</administrativeState>
              <antennaSupervisionActive>false</antennaSupervisionActive>
            </RfPort>
          </FieldReplaceableUnit>
          <AntennaUnitGroup xmlns="urn:com:ericsson:ecim:ReqAntennaSystem">
            <antennaUnitGroupId>2</antennaUnitGroupId>
            <RfBranch>
              <rfBranchId>1</rfBranchId>
              <auPortRef>ManagedElement=1,Equipment=1,AntennaUnitGroup=2,AntennaUnit=1,AntennaSubunit=1,AuPort=1</auPortRef>
              <dlAttenuation>0</dlAttenuation>
              <dlTrafficDelay>0</dlTrafficDelay>
              <rfPortRef>ManagedElement=1,Equipment=1,FieldReplaceableUnit=ERS-2,RfPort=A</rfPortRef>
              <ulAttenuation>0</ulAttenuation>
              <ulTrafficDelay>0</ulTrafficDelay>
            </RfBranch>
          </AntennaUnitGroup>
          <FieldReplaceableUnit xmlns="urn:com:ericsson:ecim:ReqFieldReplaceableUnit">
            <fieldReplaceableUnitId>ERS-2</fieldReplaceableUnitId>
            <RfPort xmlns="urn:com:ericsson:ecim:ReqRfPort">
              <rfPortId>B</rfPortId>
              <vswrSupervisionActive>true</vswrSupervisionActive>
              <vswrSupervisionSensitivity>80</vswrSupervisionSensitivity>
              <administrativeState>UNLOCKED</administrativeState>
              <antennaSupervisionActive>false</antennaSupervisionActive>
            </RfPort>
          </FieldReplaceableUnit>
          <AntennaUnitGroup xmlns="urn:com:ericsson:ecim:ReqAntennaSystem">
            <antennaUnitGroupId>2</antennaUnitGroupId>
            <RfBranch>
              <rfBranchId>2</rfBranchId>
              <auPortRef>ManagedElement=1,Equipment=1,AntennaUnitGroup=2,AntennaUnit=1,AntennaSubunit=1,AuPort=2</auPortRef>
              <dlAttenuation>0</dlAttenuation>
              <dlTrafficDelay>0</dlTrafficDelay>
              <rfPortRef>ManagedElement=1,Equipment=1,FieldReplaceableUnit=ERS-2,RfPort=B</rfPortRef>
              <ulAttenuation>0</ulAttenuation>
              <ulTrafficDelay>0</ulTrafficDelay>
            </RfBranch>
          </AntennaUnitGroup>
          <FieldReplaceableUnit xmlns="urn:com:ericsson:ecim:ReqFieldReplaceableUnit">
            <fieldReplaceableUnitId>ERS-5</fieldReplaceableUnitId>
            <administrativeState>UNLOCKED</administrativeState>
            <isSharedWithExternalMe>false</isSharedWithExternalMe>
            <RfPort xmlns="urn:com:ericsson:ecim:ReqRfPort">
              <rfPortId>A</rfPortId>
              <vswrSupervisionActive>true</vswrSupervisionActive>
              <vswrSupervisionSensitivity>80</vswrSupervisionSensitivity>
              <administrativeState>UNLOCKED</administrativeState>
              <antennaSupervisionActive>false</antennaSupervisionActive>
            </RfPort>
          </FieldReplaceableUnit>
          <AntennaUnitGroup xmlns="urn:com:ericsson:ecim:ReqAntennaSystem">
            <antennaUnitGroupId>2</antennaUnitGroupId>
            <RfBranch>
              <rfBranchId>3</rfBranchId>
              <auPortRef>ManagedElement=1,Equipment=1,AntennaUnitGroup=2,AntennaUnit=1,AntennaSubunit=2,AuPort=3</auPortRef>
              <dlAttenuation>0</dlAttenuation>
              <dlTrafficDelay>0</dlTrafficDelay>
              <rfPortRef>ManagedElement=1,Equipment=1,FieldReplaceableUnit=ERS-5,RfPort=A</rfPortRef>
              <ulAttenuation>0</ulAttenuation>
              <ulTrafficDelay>0</ulTrafficDelay>
            </RfBranch>
          </AntennaUnitGroup>
          <FieldReplaceableUnit xmlns="urn:com:ericsson:ecim:ReqFieldReplaceableUnit">
            <fieldReplaceableUnitId>ERS-5</fieldReplaceableUnitId>
            <RfPort xmlns="urn:com:ericsson:ecim:ReqRfPort">
              <rfPortId>B</rfPortId>
              <vswrSupervisionActive>true</vswrSupervisionActive>
              <vswrSupervisionSensitivity>80</vswrSupervisionSensitivity>
              <administrativeState>UNLOCKED</administrativeState>
              <antennaSupervisionActive>false</antennaSupervisionActive>
            </RfPort>
          </FieldReplaceableUnit>
          <AntennaUnitGroup xmlns="urn:com:ericsson:ecim:ReqAntennaSystem">
            <antennaUnitGroupId>2</antennaUnitGroupId>
            <RfBranch>
              <rfBranchId>4</rfBranchId>
              <auPortRef>ManagedElement=1,Equipment=1,AntennaUnitGroup=2,AntennaUnit=1,AntennaSubunit=2,AuPort=4</auPortRef>
              <dlAttenuation>0</dlAttenuation>
              <dlTrafficDelay>0</dlTrafficDelay>
              <rfPortRef>ManagedElement=1,Equipment=1,FieldReplaceableUnit=ERS-5,RfPort=B</rfPortRef>
              <ulAttenuation>0</ulAttenuation>
              <ulTrafficDelay>0</ulTrafficDelay>
            </RfBranch>
          </AntennaUnitGroup>
          <AntennaUnitGroup xmlns="urn:com:ericsson:ecim:ReqAntennaSystem">
            <antennaUnitGroupId>3</antennaUnitGroupId>
            <AntennaUnit>
              <antennaUnitId>1</antennaUnitId>
              <mechanicalAntennaTilt>0</mechanicalAntennaTilt>
              <AntennaSubunit>
                <antennaSubunitId>1</antennaSubunitId>
                <azimuthHalfPowerBeamwidth>65</azimuthHalfPowerBeamwidth>
                <commonChBeamfrmPortMap>CROSS_POLARIZED</commonChBeamfrmPortMap>
                <maxTotalTilt>900</maxTotalTilt>
                <minTotalTilt>-900</minTotalTilt>
                <AuPort>
                  <auPortId>1</auPortId>
                </AuPort>
                <AuPort>
                  <auPortId>2</auPortId>
                </AuPort>
              </AntennaSubunit>
              <AntennaSubunit>
                <antennaSubunitId>2</antennaSubunitId>
                <azimuthHalfPowerBeamwidth>65</azimuthHalfPowerBeamwidth>
                <commonChBeamfrmPortMap>CROSS_POLARIZED</commonChBeamfrmPortMap>
                <maxTotalTilt>900</maxTotalTilt>
                <minTotalTilt>-900</minTotalTilt>
                <AuPort>
                  <auPortId>3</auPortId>
                </AuPort>
                <AuPort>
                  <auPortId>4</auPortId>
                </AuPort>
              </AntennaSubunit>
            </AntennaUnit>
          </AntennaUnitGroup>
          <FieldReplaceableUnit xmlns="urn:com:ericsson:ecim:ReqFieldReplaceableUnit">
            <fieldReplaceableUnitId>ERS-3</fieldReplaceableUnitId>
            <administrativeState>UNLOCKED</administrativeState>
            <isSharedWithExternalMe>false</isSharedWithExternalMe>
            <RfPort xmlns="urn:com:ericsson:ecim:ReqRfPort">
              <rfPortId>A</rfPortId>
              <vswrSupervisionActive>true</vswrSupervisionActive>
              <vswrSupervisionSensitivity>80</vswrSupervisionSensitivity>
              <administrativeState>UNLOCKED</administrativeState>
              <antennaSupervisionActive>false</antennaSupervisionActive>
            </RfPort>
          </FieldReplaceableUnit>
          <AntennaUnitGroup xmlns="urn:com:ericsson:ecim:ReqAntennaSystem">
            <antennaUnitGroupId>3</antennaUnitGroupId>
            <RfBranch>
              <rfBranchId>1</rfBranchId>
              <auPortRef>ManagedElement=1,Equipment=1,AntennaUnitGroup=3,AntennaUnit=1,AntennaSubunit=1,AuPort=1</auPortRef>
              <dlAttenuation>0</dlAttenuation>
              <dlTrafficDelay>0</dlTrafficDelay>
              <rfPortRef>ManagedElement=1,Equipment=1,FieldReplaceableUnit=ERS-3,RfPort=A</rfPortRef>
              <ulAttenuation>0</ulAttenuation>
              <ulTrafficDelay>0</ulTrafficDelay>
            </RfBranch>
          </AntennaUnitGroup>
          <FieldReplaceableUnit xmlns="urn:com:ericsson:ecim:ReqFieldReplaceableUnit">
            <fieldReplaceableUnitId>ERS-3</fieldReplaceableUnitId>
            <RfPort xmlns="urn:com:ericsson:ecim:ReqRfPort">
              <rfPortId>B</rfPortId>
              <vswrSupervisionActive>true</vswrSupervisionActive>
              <vswrSupervisionSensitivity>80</vswrSupervisionSensitivity>
              <administrativeState>UNLOCKED</administrativeState>
              <antennaSupervisionActive>false</antennaSupervisionActive>
            </RfPort>
          </FieldReplaceableUnit>
          <AntennaUnitGroup xmlns="urn:com:ericsson:ecim:ReqAntennaSystem">
            <antennaUnitGroupId>3</antennaUnitGroupId>
            <RfBranch>
              <rfBranchId>2</rfBranchId>
              <auPortRef>ManagedElement=1,Equipment=1,AntennaUnitGroup=3,AntennaUnit=1,AntennaSubunit=1,AuPort=2</auPortRef>
              <dlAttenuation>0</dlAttenuation>
              <dlTrafficDelay>0</dlTrafficDelay>
              <rfPortRef>ManagedElement=1,Equipment=1,FieldReplaceableUnit=ERS-3,RfPort=B</rfPortRef>
              <ulAttenuation>0</ulAttenuation>
              <ulTrafficDelay>0</ulTrafficDelay>
            </RfBranch>
          </AntennaUnitGroup>
          <FieldReplaceableUnit xmlns="urn:com:ericsson:ecim:ReqFieldReplaceableUnit">
            <fieldReplaceableUnitId>ERS-6</fieldReplaceableUnitId>
            <administrativeState>UNLOCKED</administrativeState>
            <isSharedWithExternalMe>false</isSharedWithExternalMe>
            <RfPort xmlns="urn:com:ericsson:ecim:ReqRfPort">
              <rfPortId>A</rfPortId>
              <vswrSupervisionActive>true</vswrSupervisionActive>
              <vswrSupervisionSensitivity>80</vswrSupervisionSensitivity>
              <administrativeState>UNLOCKED</administrativeState>
              <antennaSupervisionActive>false</antennaSupervisionActive>
            </RfPort>
          </FieldReplaceableUnit>
          <AntennaUnitGroup xmlns="urn:com:ericsson:ecim:ReqAntennaSystem">
            <antennaUnitGroupId>3</antennaUnitGroupId>
            <RfBranch>
              <rfBranchId>3</rfBranchId>
              <auPortRef>ManagedElement=1,Equipment=1,AntennaUnitGroup=3,AntennaUnit=1,AntennaSubunit=2,AuPort=3</auPortRef>
              <dlAttenuation>0</dlAttenuation>
              <dlTrafficDelay>0</dlTrafficDelay>
              <rfPortRef>ManagedElement=1,Equipment=1,FieldReplaceableUnit=ERS-6,RfPort=A</rfPortRef>
              <ulAttenuation>0</ulAttenuation>
              <ulTrafficDelay>0</ulTrafficDelay>
            </RfBranch>
          </AntennaUnitGroup>
          <FieldReplaceableUnit xmlns="urn:com:ericsson:ecim:ReqFieldReplaceableUnit">
            <fieldReplaceableUnitId>ERS-6</fieldReplaceableUnitId>
            <RfPort xmlns="urn:com:ericsson:ecim:ReqRfPort">
              <rfPortId>B</rfPortId>
              <vswrSupervisionActive>true</vswrSupervisionActive>
              <vswrSupervisionSensitivity>80</vswrSupervisionSensitivity>
              <administrativeState>UNLOCKED</administrativeState>
              <antennaSupervisionActive>false</antennaSupervisionActive>
            </RfPort>
          </FieldReplaceableUnit>
          <AntennaUnitGroup xmlns="urn:com:ericsson:ecim:ReqAntennaSystem">
            <antennaUnitGroupId>3</antennaUnitGroupId>
            <RfBranch>
              <rfBranchId>4</rfBranchId>
              <auPortRef>ManagedElement=1,Equipment=1,AntennaUnitGroup=3,AntennaUnit=1,AntennaSubunit=2,AuPort=4</auPortRef>
              <dlAttenuation>0</dlAttenuation>
              <dlTrafficDelay>0</dlTrafficDelay>
              <rfPortRef>ManagedElement=1,Equipment=1,FieldReplaceableUnit=ERS-6,RfPort=B</rfPortRef>
              <ulAttenuation>0</ulAttenuation>
              <ulTrafficDelay>0</ulTrafficDelay>
            </RfBranch>
          </AntennaUnitGroup>
          <AntennaUnitGroup xmlns="urn:com:ericsson:ecim:ReqAntennaSystem">
            <antennaUnitGroupId>4</antennaUnitGroupId>
            <AntennaUnit>
              <antennaUnitId>1</antennaUnitId>
              <mechanicalAntennaTilt>0</mechanicalAntennaTilt>
              <AntennaSubunit>
                <antennaSubunitId>1</antennaSubunitId>
                <azimuthHalfPowerBeamwidth>65</azimuthHalfPowerBeamwidth>
                <commonChBeamfrmPortMap>CROSS_POLARIZED</commonChBeamfrmPortMap>
                <maxTotalTilt>900</maxTotalTilt>
                <minTotalTilt>-900</minTotalTilt>
                <AuPort>
                  <auPortId>1</auPortId>
                </AuPort>
                <AuPort>
                  <auPortId>2</auPortId>
                </AuPort>
              </AntennaSubunit>
            </AntennaUnit>
          </AntennaUnitGroup>
          <FieldReplaceableUnit xmlns="urn:com:ericsson:ecim:ReqFieldReplaceableUnit">
            <fieldReplaceableUnitId>ERS-7</fieldReplaceableUnitId>
            <administrativeState>UNLOCKED</administrativeState>
            <isSharedWithExternalMe>false</isSharedWithExternalMe>
            <RfPort xmlns="urn:com:ericsson:ecim:ReqRfPort">
              <rfPortId>A</rfPortId>
              <vswrSupervisionActive>true</vswrSupervisionActive>
              <vswrSupervisionSensitivity>80</vswrSupervisionSensitivity>
              <administrativeState>UNLOCKED</administrativeState>
              <antennaSupervisionActive>false</antennaSupervisionActive>
            </RfPort>
          </FieldReplaceableUnit>
          <AntennaUnitGroup xmlns="urn:com:ericsson:ecim:ReqAntennaSystem">
            <antennaUnitGroupId>4</antennaUnitGroupId>
            <RfBranch>
              <rfBranchId>1</rfBranchId>
              <auPortRef>ManagedElement=1,Equipment=1,AntennaUnitGroup=4,AntennaUnit=1,AntennaSubunit=1,AuPort=1</auPortRef>
              <dlAttenuation>0</dlAttenuation>
              <dlTrafficDelay>0</dlTrafficDelay>
              <rfPortRef>ManagedElement=1,Equipment=1,FieldReplaceableUnit=ERS-7,RfPort=A</rfPortRef>
              <ulAttenuation>0</ulAttenuation>
              <ulTrafficDelay>0</ulTrafficDelay>
            </RfBranch>
          </AntennaUnitGroup>
          <FieldReplaceableUnit xmlns="urn:com:ericsson:ecim:ReqFieldReplaceableUnit">
            <fieldReplaceableUnitId>ERS-7</fieldReplaceableUnitId>
            <RfPort xmlns="urn:com:ericsson:ecim:ReqRfPort">
              <rfPortId>B</rfPortId>
              <vswrSupervisionActive>true</vswrSupervisionActive>
              <vswrSupervisionSensitivity>80</vswrSupervisionSensitivity>
              <administrativeState>UNLOCKED</administrativeState>
              <antennaSupervisionActive>false</antennaSupervisionActive>
            </RfPort>
          </FieldReplaceableUnit>
          <AntennaUnitGroup xmlns="urn:com:ericsson:ecim:ReqAntennaSystem">
            <antennaUnitGroupId>4</antennaUnitGroupId>
            <RfBranch>
              <rfBranchId>2</rfBranchId>
              <auPortRef>ManagedElement=1,Equipment=1,AntennaUnitGroup=4,AntennaUnit=1,AntennaSubunit=1,AuPort=2</auPortRef>
              <dlAttenuation>0</dlAttenuation>
              <dlTrafficDelay>0</dlTrafficDelay>
              <rfPortRef>ManagedElement=1,Equipment=1,FieldReplaceableUnit=ERS-7,RfPort=B</rfPortRef>
              <ulAttenuation>0</ulAttenuation>
              <ulTrafficDelay>0</ulTrafficDelay>
            </RfBranch>
          </AntennaUnitGroup>
          <AntennaUnitGroup xmlns="urn:com:ericsson:ecim:ReqAntennaSystem">
            <antennaUnitGroupId>5</antennaUnitGroupId>
            <AntennaUnit>
              <antennaUnitId>1</antennaUnitId>
              <mechanicalAntennaTilt>0</mechanicalAntennaTilt>
              <AntennaSubunit>
                <antennaSubunitId>1</antennaSubunitId>
                <azimuthHalfPowerBeamwidth>65</azimuthHalfPowerBeamwidth>
                <commonChBeamfrmPortMap>CROSS_POLARIZED</commonChBeamfrmPortMap>
                <maxTotalTilt>900</maxTotalTilt>
                <minTotalTilt>-900</minTotalTilt>
                <AuPort>
                  <auPortId>1</auPortId>
                </AuPort>
                <AuPort>
                  <auPortId>2</auPortId>
                </AuPort>
              </AntennaSubunit>
            </AntennaUnit>
          </AntennaUnitGroup>
          <FieldReplaceableUnit xmlns="urn:com:ericsson:ecim:ReqFieldReplaceableUnit">
            <fieldReplaceableUnitId>ERS-8</fieldReplaceableUnitId>
            <administrativeState>UNLOCKED</administrativeState>
            <isSharedWithExternalMe>false</isSharedWithExternalMe>
            <RfPort xmlns="urn:com:ericsson:ecim:ReqRfPort">
              <rfPortId>A</rfPortId>
              <vswrSupervisionActive>true</vswrSupervisionActive>
              <vswrSupervisionSensitivity>80</vswrSupervisionSensitivity>
              <administrativeState>UNLOCKED</administrativeState>
              <antennaSupervisionActive>false</antennaSupervisionActive>
            </RfPort>
          </FieldReplaceableUnit>
          <AntennaUnitGroup xmlns="urn:com:ericsson:ecim:ReqAntennaSystem">
            <antennaUnitGroupId>5</antennaUnitGroupId>
            <RfBranch>
              <rfBranchId>1</rfBranchId>
              <auPortRef>ManagedElement=1,Equipment=1,AntennaUnitGroup=5,AntennaUnit=1,AntennaSubunit=1,AuPort=1</auPortRef>
              <dlAttenuation>0</dlAttenuation>
              <dlTrafficDelay>0</dlTrafficDelay>
              <rfPortRef>ManagedElement=1,Equipment=1,FieldReplaceableUnit=ERS-8,RfPort=A</rfPortRef>
              <ulAttenuation>0</ulAttenuation>
              <ulTrafficDelay>0</ulTrafficDelay>
            </RfBranch>
          </AntennaUnitGroup>
          <FieldReplaceableUnit xmlns="urn:com:ericsson:ecim:ReqFieldReplaceableUnit">
            <fieldReplaceableUnitId>ERS-8</fieldReplaceableUnitId>
            <RfPort xmlns="urn:com:ericsson:ecim:ReqRfPort">
              <rfPortId>B</rfPortId>
              <vswrSupervisionActive>true</vswrSupervisionActive>
              <vswrSupervisionSensitivity>80</vswrSupervisionSensitivity>
              <administrativeState>UNLOCKED</administrativeState>
              <antennaSupervisionActive>false</antennaSupervisionActive>
            </RfPort>
          </FieldReplaceableUnit>
          <AntennaUnitGroup xmlns="urn:com:ericsson:ecim:ReqAntennaSystem">
            <antennaUnitGroupId>5</antennaUnitGroupId>
            <RfBranch>
              <rfBranchId>2</rfBranchId>
              <auPortRef>ManagedElement=1,Equipment=1,AntennaUnitGroup=5,AntennaUnit=1,AntennaSubunit=1,AuPort=2</auPortRef>
              <dlAttenuation>0</dlAttenuation>
              <dlTrafficDelay>0</dlTrafficDelay>
              <rfPortRef>ManagedElement=1,Equipment=1,FieldReplaceableUnit=ERS-8,RfPort=B</rfPortRef>
              <ulAttenuation>0</ulAttenuation>
              <ulTrafficDelay>0</ulTrafficDelay>
            </RfBranch>
          </AntennaUnitGroup>
          <AntennaUnitGroup xmlns="urn:com:ericsson:ecim:ReqAntennaSystem">
            <antennaUnitGroupId>6</antennaUnitGroupId>
            <AntennaUnit>
              <antennaUnitId>1</antennaUnitId>
              <mechanicalAntennaTilt>0</mechanicalAntennaTilt>
              <AntennaSubunit>
                <antennaSubunitId>1</antennaSubunitId>
                <azimuthHalfPowerBeamwidth>65</azimuthHalfPowerBeamwidth>
                <commonChBeamfrmPortMap>CROSS_POLARIZED</commonChBeamfrmPortMap>
                <maxTotalTilt>900</maxTotalTilt>
                <minTotalTilt>-900</minTotalTilt>
                <AuPort>
                  <auPortId>1</auPortId>
                </AuPort>
                <AuPort>
                  <auPortId>2</auPortId>
                </AuPort>
              </AntennaSubunit>
            </AntennaUnit>
          </AntennaUnitGroup>
          <FieldReplaceableUnit xmlns="urn:com:ericsson:ecim:ReqFieldReplaceableUnit">
            <fieldReplaceableUnitId>ERS-9</fieldReplaceableUnitId>
            <administrativeState>UNLOCKED</administrativeState>
            <isSharedWithExternalMe>false</isSharedWithExternalMe>
            <RfPort xmlns="urn:com:ericsson:ecim:ReqRfPort">
              <rfPortId>A</rfPortId>
              <vswrSupervisionActive>true</vswrSupervisionActive>
              <vswrSupervisionSensitivity>80</vswrSupervisionSensitivity>
              <administrativeState>UNLOCKED</administrativeState>
              <antennaSupervisionActive>false</antennaSupervisionActive>
            </RfPort>
          </FieldReplaceableUnit>
          <AntennaUnitGroup xmlns="urn:com:ericsson:ecim:ReqAntennaSystem">
            <antennaUnitGroupId>6</antennaUnitGroupId>
            <RfBranch>
              <rfBranchId>1</rfBranchId>
              <auPortRef>ManagedElement=1,Equipment=1,AntennaUnitGroup=6,AntennaUnit=1,AntennaSubunit=1,AuPort=1</auPortRef>
              <dlAttenuation>0</dlAttenuation>
              <dlTrafficDelay>0</dlTrafficDelay>
              <rfPortRef>ManagedElement=1,Equipment=1,FieldReplaceableUnit=ERS-9,RfPort=A</rfPortRef>
              <ulAttenuation>0</ulAttenuation>
              <ulTrafficDelay>0</ulTrafficDelay>
            </RfBranch>
          </AntennaUnitGroup>
          <FieldReplaceableUnit xmlns="urn:com:ericsson:ecim:ReqFieldReplaceableUnit">
            <fieldReplaceableUnitId>ERS-9</fieldReplaceableUnitId>
            <RfPort xmlns="urn:com:ericsson:ecim:ReqRfPort">
              <rfPortId>B</rfPortId>
              <vswrSupervisionActive>true</vswrSupervisionActive>
              <vswrSupervisionSensitivity>80</vswrSupervisionSensitivity>
              <administrativeState>UNLOCKED</administrativeState>
              <antennaSupervisionActive>false</antennaSupervisionActive>
            </RfPort>
          </FieldReplaceableUnit>
          <AntennaUnitGroup xmlns="urn:com:ericsson:ecim:ReqAntennaSystem">
            <antennaUnitGroupId>6</antennaUnitGroupId>
            <RfBranch>
              <rfBranchId>2</rfBranchId>
              <auPortRef>ManagedElement=1,Equipment=1,AntennaUnitGroup=6,AntennaUnit=1,AntennaSubunit=1,AuPort=2</auPortRef>
              <dlAttenuation>0</dlAttenuation>
              <dlTrafficDelay>0</dlTrafficDelay>
              <rfPortRef>ManagedElement=1,Equipment=1,FieldReplaceableUnit=ERS-9,RfPort=B</rfPortRef>
              <ulAttenuation>0</ulAttenuation>
              <ulTrafficDelay>0</ulTrafficDelay>
            </RfBranch>
          </AntennaUnitGroup>
          <AntennaUnitGroup xmlns="urn:com:ericsson:ecim:ReqAntennaSystem">
            <antennaUnitGroupId>7</antennaUnitGroupId>
            <AntennaUnit>
              <antennaUnitId>1</antennaUnitId>
              <mechanicalAntennaTilt>0</mechanicalAntennaTilt>
              <AntennaSubunit>
                <antennaSubunitId>1</antennaSubunitId>
                <azimuthHalfPowerBeamwidth>65</azimuthHalfPowerBeamwidth>
                <commonChBeamfrmPortMap>CROSS_POLARIZED</commonChBeamfrmPortMap>
                <maxTotalTilt>900</maxTotalTilt>
                <minTotalTilt>-900</minTotalTilt>
                <AuPort>
                  <auPortId>1</auPortId>
                </AuPort>
                <AuPort>
                  <auPortId>2</auPortId>
                </AuPort>
              </AntennaSubunit>
              <AntennaSubunit>
                <antennaSubunitId>2</antennaSubunitId>
                <azimuthHalfPowerBeamwidth>65</azimuthHalfPowerBeamwidth>
                <commonChBeamfrmPortMap>CROSS_POLARIZED</commonChBeamfrmPortMap>
                <maxTotalTilt>900</maxTotalTilt>
                <minTotalTilt>-900</minTotalTilt>
                <AuPort>
                  <auPortId>3</auPortId>
                </AuPort>
                <AuPort>
                  <auPortId>4</auPortId>
                </AuPort>
              </AntennaSubunit>
            </AntennaUnit>
          </AntennaUnitGroup>
          <FieldReplaceableUnit xmlns="urn:com:ericsson:ecim:ReqFieldReplaceableUnit">
            <fieldReplaceableUnitId>ERS-10</fieldReplaceableUnitId>
            <administrativeState>UNLOCKED</administrativeState>
            <isSharedWithExternalMe>false</isSharedWithExternalMe>
            <RfPort xmlns="urn:com:ericsson:ecim:ReqRfPort">
              <rfPortId>A</rfPortId>
              <vswrSupervisionActive>true</vswrSupervisionActive>
              <vswrSupervisionSensitivity>80</vswrSupervisionSensitivity>
              <administrativeState>UNLOCKED</administrativeState>
              <antennaSupervisionActive>false</antennaSupervisionActive>
            </RfPort>
          </FieldReplaceableUnit>
          <AntennaUnitGroup xmlns="urn:com:ericsson:ecim:ReqAntennaSystem">
            <antennaUnitGroupId>7</antennaUnitGroupId>
            <RfBranch>
              <rfBranchId>1</rfBranchId>
              <auPortRef>ManagedElement=1,Equipment=1,AntennaUnitGroup=7,AntennaUnit=1,AntennaSubunit=1,AuPort=1</auPortRef>
              <dlAttenuation>0</dlAttenuation>
              <dlTrafficDelay>0</dlTrafficDelay>
              <rfPortRef>ManagedElement=1,Equipment=1,FieldReplaceableUnit=ERS-10,RfPort=A</rfPortRef>
              <ulAttenuation>0</ulAttenuation>
              <ulTrafficDelay>0</ulTrafficDelay>
            </RfBranch>
          </AntennaUnitGroup>
          <FieldReplaceableUnit xmlns="urn:com:ericsson:ecim:ReqFieldReplaceableUnit">
            <fieldReplaceableUnitId>ERS-10</fieldReplaceableUnitId>
            <RfPort xmlns="urn:com:ericsson:ecim:ReqRfPort">
              <rfPortId>B</rfPortId>
              <vswrSupervisionActive>true</vswrSupervisionActive>
              <vswrSupervisionSensitivity>80</vswrSupervisionSensitivity>
              <administrativeState>UNLOCKED</administrativeState>
              <antennaSupervisionActive>false</antennaSupervisionActive>
            </RfPort>
          </FieldReplaceableUnit>
          <AntennaUnitGroup xmlns="urn:com:ericsson:ecim:ReqAntennaSystem">
            <antennaUnitGroupId>7</antennaUnitGroupId>
            <RfBranch>
              <rfBranchId>2</rfBranchId>
              <auPortRef>ManagedElement=1,Equipment=1,AntennaUnitGroup=7,AntennaUnit=1,AntennaSubunit=1,AuPort=2</auPortRef>
              <dlAttenuation>0</dlAttenuation>
              <dlTrafficDelay>0</dlTrafficDelay>
              <rfPortRef>ManagedElement=1,Equipment=1,FieldReplaceableUnit=ERS-10,RfPort=B</rfPortRef>
              <ulAttenuation>0</ulAttenuation>
              <ulTrafficDelay>0</ulTrafficDelay>
            </RfBranch>
          </AntennaUnitGroup>
          <FieldReplaceableUnit xmlns="urn:com:ericsson:ecim:ReqFieldReplaceableUnit">
            <fieldReplaceableUnitId>ERS-13</fieldReplaceableUnitId>
            <administrativeState>UNLOCKED</administrativeState>
            <isSharedWithExternalMe>false</isSharedWithExternalMe>
            <RfPort xmlns="urn:com:ericsson:ecim:ReqRfPort">
              <rfPortId>A</rfPortId>
              <vswrSupervisionActive>true</vswrSupervisionActive>
              <vswrSupervisionSensitivity>80</vswrSupervisionSensitivity>
              <administrativeState>UNLOCKED</administrativeState>
              <antennaSupervisionActive>false</antennaSupervisionActive>
            </RfPort>
          </FieldReplaceableUnit>
          <AntennaUnitGroup xmlns="urn:com:ericsson:ecim:ReqAntennaSystem">
            <antennaUnitGroupId>7</antennaUnitGroupId>
            <RfBranch>
              <rfBranchId>3</rfBranchId>
              <auPortRef>ManagedElement=1,Equipment=1,AntennaUnitGroup=7,AntennaUnit=1,AntennaSubunit=2,AuPort=3</auPortRef>
              <dlAttenuation>0</dlAttenuation>
              <dlTrafficDelay>0</dlTrafficDelay>
              <rfPortRef>ManagedElement=1,Equipment=1,FieldReplaceableUnit=ERS-13,RfPort=A</rfPortRef>
              <ulAttenuation>0</ulAttenuation>
              <ulTrafficDelay>0</ulTrafficDelay>
            </RfBranch>
          </AntennaUnitGroup>
          <FieldReplaceableUnit xmlns="urn:com:ericsson:ecim:ReqFieldReplaceableUnit">
            <fieldReplaceableUnitId>ERS-13</fieldReplaceableUnitId>
            <RfPort xmlns="urn:com:ericsson:ecim:ReqRfPort">
              <rfPortId>B</rfPortId>
              <vswrSupervisionActive>true</vswrSupervisionActive>
              <vswrSupervisionSensitivity>80</vswrSupervisionSensitivity>
              <administrativeState>UNLOCKED</administrativeState>
              <antennaSupervisionActive>false</antennaSupervisionActive>
            </RfPort>
          </FieldReplaceableUnit>
          <AntennaUnitGroup xmlns="urn:com:ericsson:ecim:ReqAntennaSystem">
            <antennaUnitGroupId>7</antennaUnitGroupId>
            <RfBranch>
              <rfBranchId>4</rfBranchId>
              <auPortRef>ManagedElement=1,Equipment=1,AntennaUnitGroup=7,AntennaUnit=1,AntennaSubunit=2,AuPort=4</auPortRef>
              <dlAttenuation>0</dlAttenuation>
              <dlTrafficDelay>0</dlTrafficDelay>
              <rfPortRef>ManagedElement=1,Equipment=1,FieldReplaceableUnit=ERS-13,RfPort=B</rfPortRef>
              <ulAttenuation>0</ulAttenuation>
              <ulTrafficDelay>0</ulTrafficDelay>
            </RfBranch>
          </AntennaUnitGroup>
          <AntennaUnitGroup xmlns="urn:com:ericsson:ecim:ReqAntennaSystem">
            <antennaUnitGroupId>8</antennaUnitGroupId>
            <AntennaUnit>
              <antennaUnitId>1</antennaUnitId>
              <mechanicalAntennaTilt>0</mechanicalAntennaTilt>
              <AntennaSubunit>
                <antennaSubunitId>1</antennaSubunitId>
                <azimuthHalfPowerBeamwidth>65</azimuthHalfPowerBeamwidth>
                <commonChBeamfrmPortMap>CROSS_POLARIZED</commonChBeamfrmPortMap>
                <maxTotalTilt>900</maxTotalTilt>
                <minTotalTilt>-900</minTotalTilt>
                <AuPort>
                  <auPortId>1</auPortId>
                </AuPort>
                <AuPort>
                  <auPortId>2</auPortId>
                </AuPort>
              </AntennaSubunit>
              <AntennaSubunit>
                <antennaSubunitId>2</antennaSubunitId>
                <azimuthHalfPowerBeamwidth>65</azimuthHalfPowerBeamwidth>
                <commonChBeamfrmPortMap>CROSS_POLARIZED</commonChBeamfrmPortMap>
                <maxTotalTilt>900</maxTotalTilt>
                <minTotalTilt>-900</minTotalTilt>
                <AuPort>
                  <auPortId>3</auPortId>
                </AuPort>
                <AuPort>
                  <auPortId>4</auPortId>
                </AuPort>
              </AntennaSubunit>
            </AntennaUnit>
          </AntennaUnitGroup>
          <FieldReplaceableUnit xmlns="urn:com:ericsson:ecim:ReqFieldReplaceableUnit">
            <fieldReplaceableUnitId>ERS-11</fieldReplaceableUnitId>
            <administrativeState>UNLOCKED</administrativeState>
            <isSharedWithExternalMe>false</isSharedWithExternalMe>
            <RfPort xmlns="urn:com:ericsson:ecim:ReqRfPort">
              <rfPortId>A</rfPortId>
              <vswrSupervisionActive>true</vswrSupervisionActive>
              <vswrSupervisionSensitivity>80</vswrSupervisionSensitivity>
              <administrativeState>UNLOCKED</administrativeState>
              <antennaSupervisionActive>false</antennaSupervisionActive>
            </RfPort>
          </FieldReplaceableUnit>
          <AntennaUnitGroup xmlns="urn:com:ericsson:ecim:ReqAntennaSystem">
            <antennaUnitGroupId>8</antennaUnitGroupId>
            <RfBranch>
              <rfBranchId>1</rfBranchId>
              <auPortRef>ManagedElement=1,Equipment=1,AntennaUnitGroup=8,AntennaUnit=1,AntennaSubunit=1,AuPort=1</auPortRef>
              <dlAttenuation>0</dlAttenuation>
              <dlTrafficDelay>0</dlTrafficDelay>
              <rfPortRef>ManagedElement=1,Equipment=1,FieldReplaceableUnit=ERS-11,RfPort=A</rfPortRef>
              <ulAttenuation>0</ulAttenuation>
              <ulTrafficDelay>0</ulTrafficDelay>
            </RfBranch>
          </AntennaUnitGroup>
          <FieldReplaceableUnit xmlns="urn:com:ericsson:ecim:ReqFieldReplaceableUnit">
            <fieldReplaceableUnitId>ERS-11</fieldReplaceableUnitId>
            <RfPort xmlns="urn:com:ericsson:ecim:ReqRfPort">
              <rfPortId>B</rfPortId>
              <vswrSupervisionActive>true</vswrSupervisionActive>
              <vswrSupervisionSensitivity>80</vswrSupervisionSensitivity>
              <administrativeState>UNLOCKED</administrativeState>
              <antennaSupervisionActive>false</antennaSupervisionActive>
            </RfPort>
          </FieldReplaceableUnit>
          <AntennaUnitGroup xmlns="urn:com:ericsson:ecim:ReqAntennaSystem">
            <antennaUnitGroupId>8</antennaUnitGroupId>
            <RfBranch>
              <rfBranchId>2</rfBranchId>
              <auPortRef>ManagedElement=1,Equipment=1,AntennaUnitGroup=8,AntennaUnit=1,AntennaSubunit=1,AuPort=2</auPortRef>
              <dlAttenuation>0</dlAttenuation>
              <dlTrafficDelay>0</dlTrafficDelay>
              <rfPortRef>ManagedElement=1,Equipment=1,FieldReplaceableUnit=ERS-11,RfPort=B</rfPortRef>
              <ulAttenuation>0</ulAttenuation>
              <ulTrafficDelay>0</ulTrafficDelay>
            </RfBranch>
          </AntennaUnitGroup>
          <FieldReplaceableUnit xmlns="urn:com:ericsson:ecim:ReqFieldReplaceableUnit">
            <fieldReplaceableUnitId>ERS-14</fieldReplaceableUnitId>
            <administrativeState>UNLOCKED</administrativeState>
            <isSharedWithExternalMe>false</isSharedWithExternalMe>
            <RfPort xmlns="urn:com:ericsson:ecim:ReqRfPort">
              <rfPortId>A</rfPortId>
              <vswrSupervisionActive>true</vswrSupervisionActive>
              <vswrSupervisionSensitivity>80</vswrSupervisionSensitivity>
              <administrativeState>UNLOCKED</administrativeState>
              <antennaSupervisionActive>false</antennaSupervisionActive>
            </RfPort>
          </FieldReplaceableUnit>
          <AntennaUnitGroup xmlns="urn:com:ericsson:ecim:ReqAntennaSystem">
            <antennaUnitGroupId>8</antennaUnitGroupId>
            <RfBranch>
              <rfBranchId>3</rfBranchId>
              <auPortRef>ManagedElement=1,Equipment=1,AntennaUnitGroup=8,AntennaUnit=1,AntennaSubunit=2,AuPort=3</auPortRef>
              <dlAttenuation>0</dlAttenuation>
              <dlTrafficDelay>0</dlTrafficDelay>
              <rfPortRef>ManagedElement=1,Equipment=1,FieldReplaceableUnit=ERS-14,RfPort=A</rfPortRef>
              <ulAttenuation>0</ulAttenuation>
              <ulTrafficDelay>0</ulTrafficDelay>
            </RfBranch>
          </AntennaUnitGroup>
          <FieldReplaceableUnit xmlns="urn:com:ericsson:ecim:ReqFieldReplaceableUnit">
            <fieldReplaceableUnitId>ERS-14</fieldReplaceableUnitId>
            <RfPort xmlns="urn:com:ericsson:ecim:ReqRfPort">
              <rfPortId>B</rfPortId>
              <vswrSupervisionActive>true</vswrSupervisionActive>
              <vswrSupervisionSensitivity>80</vswrSupervisionSensitivity>
              <administrativeState>UNLOCKED</administrativeState>
              <antennaSupervisionActive>false</antennaSupervisionActive>
            </RfPort>
          </FieldReplaceableUnit>
          <AntennaUnitGroup xmlns="urn:com:ericsson:ecim:ReqAntennaSystem">
            <antennaUnitGroupId>8</antennaUnitGroupId>
            <RfBranch>
              <rfBranchId>4</rfBranchId>
              <auPortRef>ManagedElement=1,Equipment=1,AntennaUnitGroup=8,AntennaUnit=1,AntennaSubunit=2,AuPort=4</auPortRef>
              <dlAttenuation>0</dlAttenuation>
              <dlTrafficDelay>0</dlTrafficDelay>
              <rfPortRef>ManagedElement=1,Equipment=1,FieldReplaceableUnit=ERS-14,RfPort=B</rfPortRef>
              <ulAttenuation>0</ulAttenuation>
              <ulTrafficDelay>0</ulTrafficDelay>
            </RfBranch>
          </AntennaUnitGroup>
          <AntennaUnitGroup xmlns="urn:com:ericsson:ecim:ReqAntennaSystem">
            <antennaUnitGroupId>9</antennaUnitGroupId>
            <AntennaUnit>
              <antennaUnitId>1</antennaUnitId>
              <mechanicalAntennaTilt>0</mechanicalAntennaTilt>
              <AntennaSubunit>
                <antennaSubunitId>1</antennaSubunitId>
                <azimuthHalfPowerBeamwidth>65</azimuthHalfPowerBeamwidth>
                <commonChBeamfrmPortMap>CROSS_POLARIZED</commonChBeamfrmPortMap>
                <maxTotalTilt>900</maxTotalTilt>
                <minTotalTilt>-900</minTotalTilt>
                <AuPort>
                  <auPortId>1</auPortId>
                </AuPort>
                <AuPort>
                  <auPortId>2</auPortId>
                </AuPort>
              </AntennaSubunit>
              <AntennaSubunit>
                <antennaSubunitId>2</antennaSubunitId>
                <azimuthHalfPowerBeamwidth>65</azimuthHalfPowerBeamwidth>
                <commonChBeamfrmPortMap>CROSS_POLARIZED</commonChBeamfrmPortMap>
                <maxTotalTilt>900</maxTotalTilt>
                <minTotalTilt>-900</minTotalTilt>
                <AuPort>
                  <auPortId>3</auPortId>
                </AuPort>
                <AuPort>
                  <auPortId>4</auPortId>
                </AuPort>
              </AntennaSubunit>
            </AntennaUnit>
          </AntennaUnitGroup>
          <FieldReplaceableUnit xmlns="urn:com:ericsson:ecim:ReqFieldReplaceableUnit">
            <fieldReplaceableUnitId>ERS-12</fieldReplaceableUnitId>
            <administrativeState>UNLOCKED</administrativeState>
            <isSharedWithExternalMe>false</isSharedWithExternalMe>
            <RfPort xmlns="urn:com:ericsson:ecim:ReqRfPort">
              <rfPortId>A</rfPortId>
              <vswrSupervisionActive>true</vswrSupervisionActive>
              <vswrSupervisionSensitivity>80</vswrSupervisionSensitivity>
              <administrativeState>UNLOCKED</administrativeState>
              <antennaSupervisionActive>false</antennaSupervisionActive>
            </RfPort>
          </FieldReplaceableUnit>
          <AntennaUnitGroup xmlns="urn:com:ericsson:ecim:ReqAntennaSystem">
            <antennaUnitGroupId>9</antennaUnitGroupId>
            <RfBranch>
              <rfBranchId>1</rfBranchId>
              <auPortRef>ManagedElement=1,Equipment=1,AntennaUnitGroup=9,AntennaUnit=1,AntennaSubunit=1,AuPort=1</auPortRef>
              <dlAttenuation>0</dlAttenuation>
              <dlTrafficDelay>0</dlTrafficDelay>
              <rfPortRef>ManagedElement=1,Equipment=1,FieldReplaceableUnit=ERS-12,RfPort=A</rfPortRef>
              <ulAttenuation>0</ulAttenuation>
              <ulTrafficDelay>0</ulTrafficDelay>
            </RfBranch>
          </AntennaUnitGroup>
          <FieldReplaceableUnit xmlns="urn:com:ericsson:ecim:ReqFieldReplaceableUnit">
            <fieldReplaceableUnitId>ERS-12</fieldReplaceableUnitId>
            <RfPort xmlns="urn:com:ericsson:ecim:ReqRfPort">
              <rfPortId>B</rfPortId>
              <vswrSupervisionActive>true</vswrSupervisionActive>
              <vswrSupervisionSensitivity>80</vswrSupervisionSensitivity>
              <administrativeState>UNLOCKED</administrativeState>
              <antennaSupervisionActive>false</antennaSupervisionActive>
            </RfPort>
          </FieldReplaceableUnit>
          <AntennaUnitGroup xmlns="urn:com:ericsson:ecim:ReqAntennaSystem">
            <antennaUnitGroupId>9</antennaUnitGroupId>
            <RfBranch>
              <rfBranchId>2</rfBranchId>
              <auPortRef>ManagedElement=1,Equipment=1,AntennaUnitGroup=9,AntennaUnit=1,AntennaSubunit=1,AuPort=2</auPortRef>
              <dlAttenuation>0</dlAttenuation>
              <dlTrafficDelay>0</dlTrafficDelay>
              <rfPortRef>ManagedElement=1,Equipment=1,FieldReplaceableUnit=ERS-12,RfPort=B</rfPortRef>
              <ulAttenuation>0</ulAttenuation>
              <ulTrafficDelay>0</ulTrafficDelay>
            </RfBranch>
          </AntennaUnitGroup>
          <FieldReplaceableUnit xmlns="urn:com:ericsson:ecim:ReqFieldReplaceableUnit">
            <fieldReplaceableUnitId>ERS-15</fieldReplaceableUnitId>
            <administrativeState>UNLOCKED</administrativeState>
            <isSharedWithExternalMe>false</isSharedWithExternalMe>
            <RfPort xmlns="urn:com:ericsson:ecim:ReqRfPort">
              <rfPortId>A</rfPortId>
              <vswrSupervisionActive>true</vswrSupervisionActive>
              <vswrSupervisionSensitivity>80</vswrSupervisionSensitivity>
              <administrativeState>UNLOCKED</administrativeState>
              <antennaSupervisionActive>false</antennaSupervisionActive>
            </RfPort>
          </FieldReplaceableUnit>
          <AntennaUnitGroup xmlns="urn:com:ericsson:ecim:ReqAntennaSystem">
            <antennaUnitGroupId>9</antennaUnitGroupId>
            <RfBranch>
              <rfBranchId>3</rfBranchId>
              <auPortRef>ManagedElement=1,Equipment=1,AntennaUnitGroup=9,AntennaUnit=1,AntennaSubunit=2,AuPort=3</auPortRef>
              <dlAttenuation>0</dlAttenuation>
              <dlTrafficDelay>0</dlTrafficDelay>
              <rfPortRef>ManagedElement=1,Equipment=1,FieldReplaceableUnit=ERS-15,RfPort=A</rfPortRef>
              <ulAttenuation>0</ulAttenuation>
              <ulTrafficDelay>0</ulTrafficDelay>
            </RfBranch>
          </AntennaUnitGroup>
          <FieldReplaceableUnit xmlns="urn:com:ericsson:ecim:ReqFieldReplaceableUnit">
            <fieldReplaceableUnitId>ERS-15</fieldReplaceableUnitId>
            <RfPort xmlns="urn:com:ericsson:ecim:ReqRfPort">
              <rfPortId>B</rfPortId>
              <vswrSupervisionActive>true</vswrSupervisionActive>
              <vswrSupervisionSensitivity>80</vswrSupervisionSensitivity>
              <administrativeState>UNLOCKED</administrativeState>
              <antennaSupervisionActive>false</antennaSupervisionActive>
            </RfPort>
          </FieldReplaceableUnit>
          <AntennaUnitGroup xmlns="urn:com:ericsson:ecim:ReqAntennaSystem">
            <antennaUnitGroupId>9</antennaUnitGroupId>
            <RfBranch>
              <rfBranchId>4</rfBranchId>
              <auPortRef>ManagedElement=1,Equipment=1,AntennaUnitGroup=9,AntennaUnit=1,AntennaSubunit=2,AuPort=4</auPortRef>
              <dlAttenuation>0</dlAttenuation>
              <dlTrafficDelay>0</dlTrafficDelay>
              <rfPortRef>ManagedElement=1,Equipment=1,FieldReplaceableUnit=ERS-15,RfPort=B</rfPortRef>
              <ulAttenuation>0</ulAttenuation>
              <ulTrafficDelay>0</ulTrafficDelay>
            </RfBranch>
          </AntennaUnitGroup>
          <Cabinet xmlns="urn:com:ericsson:ecim:ReqCabinet">
            <cabinetId>1</cabinetId>
            <smokeDetector>false</smokeDetector>
            <climateSystem>EXTENDED</climateSystem>
            <climateRegulationSystem>NOT_APPLICABLE</climateRegulationSystem>
            <alarmInExternalMe>false</alarmInExternalMe>
            <productData>
              <productionDate>20150712</productionDate>
              <productName>RBS 6102</productName>
              <productNumber>302/BFM 901 292</productNumber>
              <productRevision>R10A</productRevision>
              <serialNumber>D16L748421</serialNumber>
            </productData>
          </Cabinet>
        </Equipment>
        <EquipmentSupportFunction xmlns="urn:com:ericsson:ecim:ResEquipmentSupportFunction">
          <equipmentSupportFunctionId>1</equipmentSupportFunctionId>
          <supportSystemControl>false</supportSystemControl>
          <autoCreateUnits>true</autoCreateUnits>
          <autoCreateExternalNodes>true</autoCreateExternalNodes>
        </EquipmentSupportFunction>
        <Equipment xmlns="urn:com:ericsson:ecim:ReqEquipment">
          <equipmentId>1</equipmentId>
          <EcBus xmlns="urn:com:ericsson:ecim:ReqEcBus">
            <ecBusId>1</ecBusId>
            <ecBusConnectorRef>ManagedElement=1,Equipment=1,FieldReplaceableUnit=BB6630</ecBusConnectorRef>
            <ecBusConnectionType>EC</ecBusConnectionType>
            <equipmentSupportFunctionRef>ManagedElement=1,EquipmentSupportFunction=1</equipmentSupportFunctionRef>
          </EcBus>
          <FieldReplaceableUnit xmlns="urn:com:ericsson:ecim:ReqFieldReplaceableUnit">
            <fieldReplaceableUnitId>BB6630</fieldReplaceableUnitId>
            <administrativeState>UNLOCKED</administrativeState>
            <isSharedWithExternalMe>false</isSharedWithExternalMe>
            <BbProcessingResource xmlns="urn:com:ericsson:ecim:LratBb">
              <bbProcessingResourceId>1</bbProcessingResourceId>
              <licCapDistr>100</licCapDistr>
              <licPrbUnit>25</licPrbUnit>
            </BbProcessingResource>
            <EcPort xmlns="urn:com:ericsson:ecim:ReqEcPort">
              <ecPortId>1</ecPortId>
              <cascadingOrder>0</cascadingOrder>
              <hubPosition>A6</hubPosition>
              <ecBusRef>ManagedElement=1,Equipment=1,EcBus=1</ecBusRef>
            </EcPort>
            <MpProcessingResource xmlns="urn:com:ericsson:ecim:LratMp">
              <mpProcessingResourceId>1</mpProcessingResourceId>
            </MpProcessingResource>
            <RiPort xmlns="urn:com:ericsson:ecim:ReqRiPort">
              <riPortId>A</riPortId>
              <administrativeState>UNLOCKED</administrativeState>
            </RiPort>
            <RiPort xmlns="urn:com:ericsson:ecim:ReqRiPort">
              <riPortId>B</riPortId>
              <administrativeState>UNLOCKED</administrativeState>
            </RiPort>
            <RiPort xmlns="urn:com:ericsson:ecim:ReqRiPort">
              <riPortId>C</riPortId>
              <administrativeState>UNLOCKED</administrativeState>
            </RiPort>
            <RiPort xmlns="urn:com:ericsson:ecim:ReqRiPort">
              <riPortId>D</riPortId>
              <administrativeState>UNLOCKED</administrativeState>
            </RiPort>
            <RiPort xmlns="urn:com:ericsson:ecim:ReqRiPort">
              <riPortId>E</riPortId>
              <administrativeState>UNLOCKED</administrativeState>
            </RiPort>
            <RiPort xmlns="urn:com:ericsson:ecim:ReqRiPort">
              <riPortId>F</riPortId>
              <administrativeState>UNLOCKED</administrativeState>
            </RiPort>
            <RiPort xmlns="urn:com:ericsson:ecim:ReqRiPort">
              <riPortId>G</riPortId>
              <administrativeState>UNLOCKED</administrativeState>
            </RiPort>
            <RiPort xmlns="urn:com:ericsson:ecim:ReqRiPort">
              <riPortId>H</riPortId>
              <administrativeState>UNLOCKED</administrativeState>
            </RiPort>
            <RiPort xmlns="urn:com:ericsson:ecim:ReqRiPort">
              <riPortId>J</riPortId>
              <administrativeState>UNLOCKED</administrativeState>
            </RiPort>
            <RiPort xmlns="urn:com:ericsson:ecim:ReqRiPort">
              <riPortId>K</riPortId>
              <administrativeState>UNLOCKED</administrativeState>
            </RiPort>
            <RiPort xmlns="urn:com:ericsson:ecim:ReqRiPort">
              <riPortId>L</riPortId>
              <administrativeState>UNLOCKED</administrativeState>
            </RiPort>
            <RiPort xmlns="urn:com:ericsson:ecim:ReqRiPort">
              <riPortId>M</riPortId>
              <administrativeState>UNLOCKED</administrativeState>
            </RiPort>
            <RiPort xmlns="urn:com:ericsson:ecim:ReqRiPort">
              <riPortId>N</riPortId>
              <administrativeState>UNLOCKED</administrativeState>
            </RiPort>
            <RiPort xmlns="urn:com:ericsson:ecim:ReqRiPort">
              <riPortId>P</riPortId>
              <administrativeState>UNLOCKED</administrativeState>
            </RiPort>
            <RiPort xmlns="urn:com:ericsson:ecim:ReqRiPort">
              <riPortId>Q</riPortId>
              <administrativeState>UNLOCKED</administrativeState>
            </RiPort>
          </FieldReplaceableUnit>
          <FieldReplaceableUnit xmlns="urn:com:ericsson:ecim:ReqFieldReplaceableUnit">
            <fieldReplaceableUnitId>ERS-1</fieldReplaceableUnitId>
            <RfPort xmlns="urn:com:ericsson:ecim:ReqRfPort">
              <rfPortId>RXA_IO</rfPortId>
              <vswrSupervisionActive>true</vswrSupervisionActive>
              <vswrSupervisionSensitivity>80</vswrSupervisionSensitivity>
              <administrativeState>UNLOCKED</administrativeState>
              <antennaSupervisionActive>false</antennaSupervisionActive>
            </RfPort>
            <RfPort xmlns="urn:com:ericsson:ecim:ReqRfPort">
              <rfPortId>RXB_IO</rfPortId>
              <vswrSupervisionActive>true</vswrSupervisionActive>
              <vswrSupervisionSensitivity>80</vswrSupervisionSensitivity>
              <administrativeState>UNLOCKED</administrativeState>
              <antennaSupervisionActive>false</antennaSupervisionActive>
            </RfPort>
            <RfPort xmlns="urn:com:ericsson:ecim:ReqRfPort">
              <rfPortId>R</rfPortId>
              <vswrSupervisionActive>true</vswrSupervisionActive>
              <vswrSupervisionSensitivity>80</vswrSupervisionSensitivity>
              <administrativeState>UNLOCKED</administrativeState>
              <antennaSupervisionActive>false</antennaSupervisionActive>
            </RfPort>
            <RiPort xmlns="urn:com:ericsson:ecim:ReqRiPort">
              <riPortId>DATA_1</riPortId>
              <administrativeState>UNLOCKED</administrativeState>
            </RiPort>
            <RiPort xmlns="urn:com:ericsson:ecim:ReqRiPort">
              <riPortId>DATA_2</riPortId>
              <administrativeState>UNLOCKED</administrativeState>
            </RiPort>
          </FieldReplaceableUnit>
          <FieldReplaceableUnit xmlns="urn:com:ericsson:ecim:ReqFieldReplaceableUnit">
            <fieldReplaceableUnitId>ERS-2</fieldReplaceableUnitId>
            <RfPort xmlns="urn:com:ericsson:ecim:ReqRfPort">
              <rfPortId>RXA_IO</rfPortId>
              <vswrSupervisionActive>true</vswrSupervisionActive>
              <vswrSupervisionSensitivity>80</vswrSupervisionSensitivity>
              <administrativeState>UNLOCKED</administrativeState>
              <antennaSupervisionActive>false</antennaSupervisionActive>
            </RfPort>
            <RfPort xmlns="urn:com:ericsson:ecim:ReqRfPort">
              <rfPortId>RXB_IO</rfPortId>
              <vswrSupervisionActive>true</vswrSupervisionActive>
              <vswrSupervisionSensitivity>80</vswrSupervisionSensitivity>
              <administrativeState>UNLOCKED</administrativeState>
              <antennaSupervisionActive>false</antennaSupervisionActive>
            </RfPort>
            <RfPort xmlns="urn:com:ericsson:ecim:ReqRfPort">
              <rfPortId>R</rfPortId>
              <vswrSupervisionActive>true</vswrSupervisionActive>
              <vswrSupervisionSensitivity>80</vswrSupervisionSensitivity>
              <administrativeState>UNLOCKED</administrativeState>
              <antennaSupervisionActive>false</antennaSupervisionActive>
            </RfPort>
            <RiPort xmlns="urn:com:ericsson:ecim:ReqRiPort">
              <riPortId>DATA_1</riPortId>
              <administrativeState>UNLOCKED</administrativeState>
            </RiPort>
            <RiPort xmlns="urn:com:ericsson:ecim:ReqRiPort">
              <riPortId>DATA_2</riPortId>
              <administrativeState>UNLOCKED</administrativeState>
            </RiPort>
          </FieldReplaceableUnit>
          <FieldReplaceableUnit xmlns="urn:com:ericsson:ecim:ReqFieldReplaceableUnit">
            <fieldReplaceableUnitId>ERS-3</fieldReplaceableUnitId>
            <RfPort xmlns="urn:com:ericsson:ecim:ReqRfPort">
              <rfPortId>RXA_IO</rfPortId>
              <vswrSupervisionActive>true</vswrSupervisionActive>
              <vswrSupervisionSensitivity>80</vswrSupervisionSensitivity>
              <administrativeState>UNLOCKED</administrativeState>
              <antennaSupervisionActive>false</antennaSupervisionActive>
            </RfPort>
            <RfPort xmlns="urn:com:ericsson:ecim:ReqRfPort">
              <rfPortId>RXB_IO</rfPortId>
              <vswrSupervisionActive>true</vswrSupervisionActive>
              <vswrSupervisionSensitivity>80</vswrSupervisionSensitivity>
              <administrativeState>UNLOCKED</administrativeState>
              <antennaSupervisionActive>false</antennaSupervisionActive>
            </RfPort>
            <RfPort xmlns="urn:com:ericsson:ecim:ReqRfPort">
              <rfPortId>R</rfPortId>
              <vswrSupervisionActive>true</vswrSupervisionActive>
              <vswrSupervisionSensitivity>80</vswrSupervisionSensitivity>
              <administrativeState>UNLOCKED</administrativeState>
              <antennaSupervisionActive>false</antennaSupervisionActive>
            </RfPort>
            <RiPort xmlns="urn:com:ericsson:ecim:ReqRiPort">
              <riPortId>DATA_1</riPortId>
              <administrativeState>UNLOCKED</administrativeState>
            </RiPort>
            <RiPort xmlns="urn:com:ericsson:ecim:ReqRiPort">
              <riPortId>DATA_2</riPortId>
              <administrativeState>UNLOCKED</administrativeState>
            </RiPort>
          </FieldReplaceableUnit>
          <FieldReplaceableUnit xmlns="urn:com:ericsson:ecim:ReqFieldReplaceableUnit">
            <fieldReplaceableUnitId>ERS-4</fieldReplaceableUnitId>
            <RfPort xmlns="urn:com:ericsson:ecim:ReqRfPort">
              <rfPortId>RXA_IO</rfPortId>
              <vswrSupervisionActive>true</vswrSupervisionActive>
              <vswrSupervisionSensitivity>80</vswrSupervisionSensitivity>
              <administrativeState>UNLOCKED</administrativeState>
              <antennaSupervisionActive>false</antennaSupervisionActive>
            </RfPort>
            <RfPort xmlns="urn:com:ericsson:ecim:ReqRfPort">
              <rfPortId>RXB_IO</rfPortId>
              <vswrSupervisionActive>true</vswrSupervisionActive>
              <vswrSupervisionSensitivity>80</vswrSupervisionSensitivity>
              <administrativeState>UNLOCKED</administrativeState>
              <antennaSupervisionActive>false</antennaSupervisionActive>
            </RfPort>
            <RfPort xmlns="urn:com:ericsson:ecim:ReqRfPort">
              <rfPortId>R</rfPortId>
              <vswrSupervisionActive>true</vswrSupervisionActive>
              <vswrSupervisionSensitivity>80</vswrSupervisionSensitivity>
              <administrativeState>UNLOCKED</administrativeState>
              <antennaSupervisionActive>false</antennaSupervisionActive>
            </RfPort>
            <RiPort xmlns="urn:com:ericsson:ecim:ReqRiPort">
              <riPortId>DATA_1</riPortId>
              <administrativeState>UNLOCKED</administrativeState>
            </RiPort>
            <RiPort xmlns="urn:com:ericsson:ecim:ReqRiPort">
              <riPortId>DATA_2</riPortId>
              <administrativeState>UNLOCKED</administrativeState>
            </RiPort>
          </FieldReplaceableUnit>
          <FieldReplaceableUnit xmlns="urn:com:ericsson:ecim:ReqFieldReplaceableUnit">
            <fieldReplaceableUnitId>ERS-5</fieldReplaceableUnitId>
            <RfPort xmlns="urn:com:ericsson:ecim:ReqRfPort">
              <rfPortId>RXA_IO</rfPortId>
              <vswrSupervisionActive>true</vswrSupervisionActive>
              <vswrSupervisionSensitivity>80</vswrSupervisionSensitivity>
              <administrativeState>UNLOCKED</administrativeState>
              <antennaSupervisionActive>false</antennaSupervisionActive>
            </RfPort>
            <RfPort xmlns="urn:com:ericsson:ecim:ReqRfPort">
              <rfPortId>RXB_IO</rfPortId>
              <vswrSupervisionActive>true</vswrSupervisionActive>
              <vswrSupervisionSensitivity>80</vswrSupervisionSensitivity>
              <administrativeState>UNLOCKED</administrativeState>
              <antennaSupervisionActive>false</antennaSupervisionActive>
            </RfPort>
            <RfPort xmlns="urn:com:ericsson:ecim:ReqRfPort">
              <rfPortId>R</rfPortId>
              <vswrSupervisionActive>true</vswrSupervisionActive>
              <vswrSupervisionSensitivity>80</vswrSupervisionSensitivity>
              <administrativeState>UNLOCKED</administrativeState>
              <antennaSupervisionActive>false</antennaSupervisionActive>
            </RfPort>
            <RiPort xmlns="urn:com:ericsson:ecim:ReqRiPort">
              <riPortId>DATA_1</riPortId>
              <administrativeState>UNLOCKED</administrativeState>
            </RiPort>
            <RiPort xmlns="urn:com:ericsson:ecim:ReqRiPort">
              <riPortId>DATA_2</riPortId>
              <administrativeState>UNLOCKED</administrativeState>
            </RiPort>
          </FieldReplaceableUnit>
          <FieldReplaceableUnit xmlns="urn:com:ericsson:ecim:ReqFieldReplaceableUnit">
            <fieldReplaceableUnitId>ERS-6</fieldReplaceableUnitId>
            <RfPort xmlns="urn:com:ericsson:ecim:ReqRfPort">
              <rfPortId>RXA_IO</rfPortId>
              <vswrSupervisionActive>true</vswrSupervisionActive>
              <vswrSupervisionSensitivity>80</vswrSupervisionSensitivity>
              <administrativeState>UNLOCKED</administrativeState>
              <antennaSupervisionActive>false</antennaSupervisionActive>
            </RfPort>
            <RfPort xmlns="urn:com:ericsson:ecim:ReqRfPort">
              <rfPortId>RXB_IO</rfPortId>
              <vswrSupervisionActive>true</vswrSupervisionActive>
              <vswrSupervisionSensitivity>80</vswrSupervisionSensitivity>
              <administrativeState>UNLOCKED</administrativeState>
              <antennaSupervisionActive>false</antennaSupervisionActive>
            </RfPort>
            <RfPort xmlns="urn:com:ericsson:ecim:ReqRfPort">
              <rfPortId>R</rfPortId>
              <vswrSupervisionActive>true</vswrSupervisionActive>
              <vswrSupervisionSensitivity>80</vswrSupervisionSensitivity>
              <administrativeState>UNLOCKED</administrativeState>
              <antennaSupervisionActive>false</antennaSupervisionActive>
            </RfPort>
            <RiPort xmlns="urn:com:ericsson:ecim:ReqRiPort">
              <riPortId>DATA_1</riPortId>
              <administrativeState>UNLOCKED</administrativeState>
            </RiPort>
            <RiPort xmlns="urn:com:ericsson:ecim:ReqRiPort">
              <riPortId>DATA_2</riPortId>
              <administrativeState>UNLOCKED</administrativeState>
            </RiPort>
          </FieldReplaceableUnit>
          <FieldReplaceableUnit xmlns="urn:com:ericsson:ecim:ReqFieldReplaceableUnit">
            <fieldReplaceableUnitId>ERS-7</fieldReplaceableUnitId>
            <RfPort xmlns="urn:com:ericsson:ecim:ReqRfPort">
              <rfPortId>RXA_IO</rfPortId>
              <vswrSupervisionActive>true</vswrSupervisionActive>
              <vswrSupervisionSensitivity>80</vswrSupervisionSensitivity>
              <administrativeState>UNLOCKED</administrativeState>
              <antennaSupervisionActive>false</antennaSupervisionActive>
            </RfPort>
            <RfPort xmlns="urn:com:ericsson:ecim:ReqRfPort">
              <rfPortId>RXB_IO</rfPortId>
              <vswrSupervisionActive>true</vswrSupervisionActive>
              <vswrSupervisionSensitivity>80</vswrSupervisionSensitivity>
              <administrativeState>UNLOCKED</administrativeState>
              <antennaSupervisionActive>false</antennaSupervisionActive>
            </RfPort>
            <RfPort xmlns="urn:com:ericsson:ecim:ReqRfPort">
              <rfPortId>R</rfPortId>
              <vswrSupervisionActive>true</vswrSupervisionActive>
              <vswrSupervisionSensitivity>80</vswrSupervisionSensitivity>
              <administrativeState>UNLOCKED</administrativeState>
              <antennaSupervisionActive>false</antennaSupervisionActive>
            </RfPort>
            <RiPort xmlns="urn:com:ericsson:ecim:ReqRiPort">
              <riPortId>DATA_1</riPortId>
              <administrativeState>UNLOCKED</administrativeState>
            </RiPort>
            <RiPort xmlns="urn:com:ericsson:ecim:ReqRiPort">
              <riPortId>DATA_2</riPortId>
              <administrativeState>UNLOCKED</administrativeState>
            </RiPort>
          </FieldReplaceableUnit>
          <FieldReplaceableUnit xmlns="urn:com:ericsson:ecim:ReqFieldReplaceableUnit">
            <fieldReplaceableUnitId>ERS-8</fieldReplaceableUnitId>
            <RfPort xmlns="urn:com:ericsson:ecim:ReqRfPort">
              <rfPortId>RXA_IO</rfPortId>
              <vswrSupervisionActive>true</vswrSupervisionActive>
              <vswrSupervisionSensitivity>80</vswrSupervisionSensitivity>
              <administrativeState>UNLOCKED</administrativeState>
              <antennaSupervisionActive>false</antennaSupervisionActive>
            </RfPort>
            <RfPort xmlns="urn:com:ericsson:ecim:ReqRfPort">
              <rfPortId>RXB_IO</rfPortId>
              <vswrSupervisionActive>true</vswrSupervisionActive>
              <vswrSupervisionSensitivity>80</vswrSupervisionSensitivity>
              <administrativeState>UNLOCKED</administrativeState>
              <antennaSupervisionActive>false</antennaSupervisionActive>
            </RfPort>
            <RfPort xmlns="urn:com:ericsson:ecim:ReqRfPort">
              <rfPortId>R</rfPortId>
              <vswrSupervisionActive>true</vswrSupervisionActive>
              <vswrSupervisionSensitivity>80</vswrSupervisionSensitivity>
              <administrativeState>UNLOCKED</administrativeState>
              <antennaSupervisionActive>false</antennaSupervisionActive>
            </RfPort>
            <RiPort xmlns="urn:com:ericsson:ecim:ReqRiPort">
              <riPortId>DATA_1</riPortId>
              <administrativeState>UNLOCKED</administrativeState>
            </RiPort>
            <RiPort xmlns="urn:com:ericsson:ecim:ReqRiPort">
              <riPortId>DATA_2</riPortId>
              <administrativeState>UNLOCKED</administrativeState>
            </RiPort>
          </FieldReplaceableUnit>
          <FieldReplaceableUnit xmlns="urn:com:ericsson:ecim:ReqFieldReplaceableUnit">
            <fieldReplaceableUnitId>ERS-9</fieldReplaceableUnitId>
            <RfPort xmlns="urn:com:ericsson:ecim:ReqRfPort">
              <rfPortId>RXA_IO</rfPortId>
              <vswrSupervisionActive>true</vswrSupervisionActive>
              <vswrSupervisionSensitivity>80</vswrSupervisionSensitivity>
              <administrativeState>UNLOCKED</administrativeState>
              <antennaSupervisionActive>false</antennaSupervisionActive>
            </RfPort>
            <RfPort xmlns="urn:com:ericsson:ecim:ReqRfPort">
              <rfPortId>RXB_IO</rfPortId>
              <vswrSupervisionActive>true</vswrSupervisionActive>
              <vswrSupervisionSensitivity>80</vswrSupervisionSensitivity>
              <administrativeState>UNLOCKED</administrativeState>
              <antennaSupervisionActive>false</antennaSupervisionActive>
            </RfPort>
            <RfPort xmlns="urn:com:ericsson:ecim:ReqRfPort">
              <rfPortId>R</rfPortId>
              <vswrSupervisionActive>true</vswrSupervisionActive>
              <vswrSupervisionSensitivity>80</vswrSupervisionSensitivity>
              <administrativeState>UNLOCKED</administrativeState>
              <antennaSupervisionActive>false</antennaSupervisionActive>
            </RfPort>
            <RiPort xmlns="urn:com:ericsson:ecim:ReqRiPort">
              <riPortId>DATA_1</riPortId>
              <administrativeState>UNLOCKED</administrativeState>
            </RiPort>
            <RiPort xmlns="urn:com:ericsson:ecim:ReqRiPort">
              <riPortId>DATA_2</riPortId>
              <administrativeState>UNLOCKED</administrativeState>
            </RiPort>
          </FieldReplaceableUnit>
          <FieldReplaceableUnit xmlns="urn:com:ericsson:ecim:ReqFieldReplaceableUnit">
            <fieldReplaceableUnitId>ERS-10</fieldReplaceableUnitId>
            <RfPort xmlns="urn:com:ericsson:ecim:ReqRfPort">
              <rfPortId>RXA_IO</rfPortId>
              <vswrSupervisionActive>true</vswrSupervisionActive>
              <vswrSupervisionSensitivity>80</vswrSupervisionSensitivity>
              <administrativeState>UNLOCKED</administrativeState>
              <antennaSupervisionActive>false</antennaSupervisionActive>
            </RfPort>
            <RfPort xmlns="urn:com:ericsson:ecim:ReqRfPort">
              <rfPortId>RXB_IO</rfPortId>
              <vswrSupervisionActive>true</vswrSupervisionActive>
              <vswrSupervisionSensitivity>80</vswrSupervisionSensitivity>
              <administrativeState>UNLOCKED</administrativeState>
              <antennaSupervisionActive>false</antennaSupervisionActive>
            </RfPort>
            <RfPort xmlns="urn:com:ericsson:ecim:ReqRfPort">
              <rfPortId>R</rfPortId>
              <vswrSupervisionActive>true</vswrSupervisionActive>
              <vswrSupervisionSensitivity>80</vswrSupervisionSensitivity>
              <administrativeState>UNLOCKED</administrativeState>
              <antennaSupervisionActive>false</antennaSupervisionActive>
            </RfPort>
            <RiPort xmlns="urn:com:ericsson:ecim:ReqRiPort">
              <riPortId>DATA_1</riPortId>
              <administrativeState>UNLOCKED</administrativeState>
            </RiPort>
            <RiPort xmlns="urn:com:ericsson:ecim:ReqRiPort">
              <riPortId>DATA_2</riPortId>
              <administrativeState>UNLOCKED</administrativeState>
            </RiPort>
          </FieldReplaceableUnit>
          <FieldReplaceableUnit xmlns="urn:com:ericsson:ecim:ReqFieldReplaceableUnit">
            <fieldReplaceableUnitId>ERS-11</fieldReplaceableUnitId>
            <RfPort xmlns="urn:com:ericsson:ecim:ReqRfPort">
              <rfPortId>RXA_IO</rfPortId>
              <vswrSupervisionActive>true</vswrSupervisionActive>
              <vswrSupervisionSensitivity>80</vswrSupervisionSensitivity>
              <administrativeState>UNLOCKED</administrativeState>
              <antennaSupervisionActive>false</antennaSupervisionActive>
            </RfPort>
            <RfPort xmlns="urn:com:ericsson:ecim:ReqRfPort">
              <rfPortId>RXB_IO</rfPortId>
              <vswrSupervisionActive>true</vswrSupervisionActive>
              <vswrSupervisionSensitivity>80</vswrSupervisionSensitivity>
              <administrativeState>UNLOCKED</administrativeState>
              <antennaSupervisionActive>false</antennaSupervisionActive>
            </RfPort>
            <RfPort xmlns="urn:com:ericsson:ecim:ReqRfPort">
              <rfPortId>R</rfPortId>
              <vswrSupervisionActive>true</vswrSupervisionActive>
              <vswrSupervisionSensitivity>80</vswrSupervisionSensitivity>
              <administrativeState>UNLOCKED</administrativeState>
              <antennaSupervisionActive>false</antennaSupervisionActive>
            </RfPort>
            <RiPort xmlns="urn:com:ericsson:ecim:ReqRiPort">
              <riPortId>DATA_1</riPortId>
              <administrativeState>UNLOCKED</administrativeState>
            </RiPort>
            <RiPort xmlns="urn:com:ericsson:ecim:ReqRiPort">
              <riPortId>DATA_2</riPortId>
              <administrativeState>UNLOCKED</administrativeState>
            </RiPort>
          </FieldReplaceableUnit>
          <FieldReplaceableUnit xmlns="urn:com:ericsson:ecim:ReqFieldReplaceableUnit">
            <fieldReplaceableUnitId>ERS-12</fieldReplaceableUnitId>
            <RfPort xmlns="urn:com:ericsson:ecim:ReqRfPort">
              <rfPortId>RXA_IO</rfPortId>
              <vswrSupervisionActive>true</vswrSupervisionActive>
              <vswrSupervisionSensitivity>80</vswrSupervisionSensitivity>
              <administrativeState>UNLOCKED</administrativeState>
              <antennaSupervisionActive>false</antennaSupervisionActive>
            </RfPort>
            <RfPort xmlns="urn:com:ericsson:ecim:ReqRfPort">
              <rfPortId>RXB_IO</rfPortId>
              <vswrSupervisionActive>true</vswrSupervisionActive>
              <vswrSupervisionSensitivity>80</vswrSupervisionSensitivity>
              <administrativeState>UNLOCKED</administrativeState>
              <antennaSupervisionActive>false</antennaSupervisionActive>
            </RfPort>
            <RfPort xmlns="urn:com:ericsson:ecim:ReqRfPort">
              <rfPortId>R</rfPortId>
              <vswrSupervisionActive>true</vswrSupervisionActive>
              <vswrSupervisionSensitivity>80</vswrSupervisionSensitivity>
              <administrativeState>UNLOCKED</administrativeState>
              <antennaSupervisionActive>false</antennaSupervisionActive>
            </RfPort>
            <RiPort xmlns="urn:com:ericsson:ecim:ReqRiPort">
              <riPortId>DATA_1</riPortId>
              <administrativeState>UNLOCKED</administrativeState>
            </RiPort>
            <RiPort xmlns="urn:com:ericsson:ecim:ReqRiPort">
              <riPortId>DATA_2</riPortId>
              <administrativeState>UNLOCKED</administrativeState>
            </RiPort>
          </FieldReplaceableUnit>
          <FieldReplaceableUnit xmlns="urn:com:ericsson:ecim:ReqFieldReplaceableUnit">
            <fieldReplaceableUnitId>ERS-13</fieldReplaceableUnitId>
            <RfPort xmlns="urn:com:ericsson:ecim:ReqRfPort">
              <rfPortId>RXA_IO</rfPortId>
              <vswrSupervisionActive>true</vswrSupervisionActive>
              <vswrSupervisionSensitivity>80</vswrSupervisionSensitivity>
              <administrativeState>UNLOCKED</administrativeState>
              <antennaSupervisionActive>false</antennaSupervisionActive>
            </RfPort>
            <RfPort xmlns="urn:com:ericsson:ecim:ReqRfPort">
              <rfPortId>RXB_IO</rfPortId>
              <vswrSupervisionActive>true</vswrSupervisionActive>
              <vswrSupervisionSensitivity>80</vswrSupervisionSensitivity>
              <administrativeState>UNLOCKED</administrativeState>
              <antennaSupervisionActive>false</antennaSupervisionActive>
            </RfPort>
            <RfPort xmlns="urn:com:ericsson:ecim:ReqRfPort">
              <rfPortId>R</rfPortId>
              <vswrSupervisionActive>true</vswrSupervisionActive>
              <vswrSupervisionSensitivity>80</vswrSupervisionSensitivity>
              <administrativeState>UNLOCKED</administrativeState>
              <antennaSupervisionActive>false</antennaSupervisionActive>
            </RfPort>
            <RiPort xmlns="urn:com:ericsson:ecim:ReqRiPort">
              <riPortId>DATA_1</riPortId>
              <administrativeState>UNLOCKED</administrativeState>
            </RiPort>
            <RiPort xmlns="urn:com:ericsson:ecim:ReqRiPort">
              <riPortId>DATA_2</riPortId>
              <administrativeState>UNLOCKED</administrativeState>
            </RiPort>
          </FieldReplaceableUnit>
          <FieldReplaceableUnit xmlns="urn:com:ericsson:ecim:ReqFieldReplaceableUnit">
            <fieldReplaceableUnitId>ERS-14</fieldReplaceableUnitId>
            <RfPort xmlns="urn:com:ericsson:ecim:ReqRfPort">
              <rfPortId>RXA_IO</rfPortId>
              <vswrSupervisionActive>true</vswrSupervisionActive>
              <vswrSupervisionSensitivity>80</vswrSupervisionSensitivity>
              <administrativeState>UNLOCKED</administrativeState>
              <antennaSupervisionActive>false</antennaSupervisionActive>
            </RfPort>
            <RfPort xmlns="urn:com:ericsson:ecim:ReqRfPort">
              <rfPortId>RXB_IO</rfPortId>
              <vswrSupervisionActive>true</vswrSupervisionActive>
              <vswrSupervisionSensitivity>80</vswrSupervisionSensitivity>
              <administrativeState>UNLOCKED</administrativeState>
              <antennaSupervisionActive>false</antennaSupervisionActive>
            </RfPort>
            <RfPort xmlns="urn:com:ericsson:ecim:ReqRfPort">
              <rfPortId>R</rfPortId>
              <vswrSupervisionActive>true</vswrSupervisionActive>
              <vswrSupervisionSensitivity>80</vswrSupervisionSensitivity>
              <administrativeState>UNLOCKED</administrativeState>
              <antennaSupervisionActive>false</antennaSupervisionActive>
            </RfPort>
            <RiPort xmlns="urn:com:ericsson:ecim:ReqRiPort">
              <riPortId>DATA_1</riPortId>
              <administrativeState>UNLOCKED</administrativeState>
            </RiPort>
            <RiPort xmlns="urn:com:ericsson:ecim:ReqRiPort">
              <riPortId>DATA_2</riPortId>
              <administrativeState>UNLOCKED</administrativeState>
            </RiPort>
          </FieldReplaceableUnit>
          <FieldReplaceableUnit xmlns="urn:com:ericsson:ecim:ReqFieldReplaceableUnit">
            <fieldReplaceableUnitId>ERS-15</fieldReplaceableUnitId>
            <RfPort xmlns="urn:com:ericsson:ecim:ReqRfPort">
              <rfPortId>RXA_IO</rfPortId>
              <vswrSupervisionActive>true</vswrSupervisionActive>
              <vswrSupervisionSensitivity>80</vswrSupervisionSensitivity>
              <administrativeState>UNLOCKED</administrativeState>
              <antennaSupervisionActive>false</antennaSupervisionActive>
            </RfPort>
            <RfPort xmlns="urn:com:ericsson:ecim:ReqRfPort">
              <rfPortId>RXB_IO</rfPortId>
              <vswrSupervisionActive>true</vswrSupervisionActive>
              <vswrSupervisionSensitivity>80</vswrSupervisionSensitivity>
              <administrativeState>UNLOCKED</administrativeState>
              <antennaSupervisionActive>false</antennaSupervisionActive>
            </RfPort>
            <RfPort xmlns="urn:com:ericsson:ecim:ReqRfPort">
              <rfPortId>R</rfPortId>
              <vswrSupervisionActive>true</vswrSupervisionActive>
              <vswrSupervisionSensitivity>80</vswrSupervisionSensitivity>
              <administrativeState>UNLOCKED</administrativeState>
              <antennaSupervisionActive>false</antennaSupervisionActive>
            </RfPort>
            <RiPort xmlns="urn:com:ericsson:ecim:ReqRiPort">
              <riPortId>DATA_1</riPortId>
              <administrativeState>UNLOCKED</administrativeState>
            </RiPort>
            <RiPort xmlns="urn:com:ericsson:ecim:ReqRiPort">
              <riPortId>DATA_2</riPortId>
              <administrativeState>UNLOCKED</administrativeState>
            </RiPort>
          </FieldReplaceableUnit>
          <RiLink xmlns="urn:com:ericsson:ecim:ReqRiLink">
            <riLinkId>1</riLinkId>
            <riPortRef1>ManagedElement=1,Equipment=1,FieldReplaceableUnit=ERS-1,RiPort=DATA_1</riPortRef1>
            <riPortRef2>ManagedElement=1,Equipment=1,FieldReplaceableUnit=BB6630,RiPort=A</riPortRef2>
          </RiLink>
          <RiLink xmlns="urn:com:ericsson:ecim:ReqRiLink">
            <riLinkId>2</riLinkId>
            <riPortRef1>ManagedElement=1,Equipment=1,FieldReplaceableUnit=ERS-2,RiPort=DATA_1</riPortRef1>
            <riPortRef2>ManagedElement=1,Equipment=1,FieldReplaceableUnit=BB6630,RiPort=B</riPortRef2>
          </RiLink>
          <RiLink xmlns="urn:com:ericsson:ecim:ReqRiLink">
            <riLinkId>3</riLinkId>
            <riPortRef1>ManagedElement=1,Equipment=1,FieldReplaceableUnit=ERS-3,RiPort=DATA_1</riPortRef1>
            <riPortRef2>ManagedElement=1,Equipment=1,FieldReplaceableUnit=BB6630,RiPort=C</riPortRef2>
          </RiLink>
          <RiLink xmlns="urn:com:ericsson:ecim:ReqRiLink">
            <riLinkId>4</riLinkId>
            <riPortRef1>ManagedElement=1,Equipment=1,FieldReplaceableUnit=ERS-1,RiPort=DATA_2</riPortRef1>
            <riPortRef2>ManagedElement=1,Equipment=1,FieldReplaceableUnit=ERS-4,RiPort=DATA_1</riPortRef2>
          </RiLink>
          <RiLink xmlns="urn:com:ericsson:ecim:ReqRiLink">
            <riLinkId>5</riLinkId>
            <riPortRef1>ManagedElement=1,Equipment=1,FieldReplaceableUnit=ERS-2,RiPort=DATA_2</riPortRef1>
            <riPortRef2>ManagedElement=1,Equipment=1,FieldReplaceableUnit=ERS-5,RiPort=DATA_1</riPortRef2>
          </RiLink>
          <RiLink xmlns="urn:com:ericsson:ecim:ReqRiLink">
            <riLinkId>6</riLinkId>
            <riPortRef1>ManagedElement=1,Equipment=1,FieldReplaceableUnit=ERS-3,RiPort=DATA_2</riPortRef1>
            <riPortRef2>ManagedElement=1,Equipment=1,FieldReplaceableUnit=ERS-6,RiPort=DATA_1</riPortRef2>
          </RiLink>
          <RiLink xmlns="urn:com:ericsson:ecim:ReqRiLink">
            <riLinkId>7</riLinkId>
            <riPortRef1>ManagedElement=1,Equipment=1,FieldReplaceableUnit=ERS-7,RiPort=DATA_1</riPortRef1>
            <riPortRef2>ManagedElement=1,Equipment=1,FieldReplaceableUnit=BB6630,RiPort=D</riPortRef2>
          </RiLink>
          <RiLink xmlns="urn:com:ericsson:ecim:ReqRiLink">
            <riLinkId>8</riLinkId>
            <riPortRef1>ManagedElement=1,Equipment=1,FieldReplaceableUnit=ERS-8,RiPort=DATA_1</riPortRef1>
            <riPortRef2>ManagedElement=1,Equipment=1,FieldReplaceableUnit=BB6630,RiPort=E</riPortRef2>
          </RiLink>
          <RiLink xmlns="urn:com:ericsson:ecim:ReqRiLink">
            <riLinkId>9</riLinkId>
            <riPortRef1>ManagedElement=1,Equipment=1,FieldReplaceableUnit=ERS-9,RiPort=DATA_1</riPortRef1>
            <riPortRef2>ManagedElement=1,Equipment=1,FieldReplaceableUnit=BB6630,RiPort=F</riPortRef2>
          </RiLink>
          <RiLink xmlns="urn:com:ericsson:ecim:ReqRiLink">
            <riLinkId>10</riLinkId>
            <riPortRef1>ManagedElement=1,Equipment=1,FieldReplaceableUnit=ERS-10,RiPort=DATA_2</riPortRef1>
            <riPortRef2>ManagedElement=1,Equipment=1,FieldReplaceableUnit=BB6630,RiPort=G</riPortRef2>
          </RiLink>
          <RiLink xmlns="urn:com:ericsson:ecim:ReqRiLink">
            <riLinkId>11</riLinkId>
            <riPortRef1>ManagedElement=1,Equipment=1,FieldReplaceableUnit=ERS-11,RiPort=DATA_2</riPortRef1>
            <riPortRef2>ManagedElement=1,Equipment=1,FieldReplaceableUnit=BB6630,RiPort=H</riPortRef2>
          </RiLink>
          <RiLink xmlns="urn:com:ericsson:ecim:ReqRiLink">
            <riLinkId>12</riLinkId>
            <riPortRef1>ManagedElement=1,Equipment=1,FieldReplaceableUnit=ERS-12,RiPort=DATA_2</riPortRef1>
            <riPortRef2>ManagedElement=1,Equipment=1,FieldReplaceableUnit=BB6630,RiPort=J</riPortRef2>
          </RiLink>
          <RiLink xmlns="urn:com:ericsson:ecim:ReqRiLink">
            <riLinkId>13</riLinkId>
            <riPortRef1>ManagedElement=1,Equipment=1,FieldReplaceableUnit=ERS-10,RiPort=DATA_1</riPortRef1>
            <riPortRef2>ManagedElement=1,Equipment=1,FieldReplaceableUnit=ERS-13,RiPort=DATA_2</riPortRef2>
          </RiLink>
          <RiLink xmlns="urn:com:ericsson:ecim:ReqRiLink">
            <riLinkId>14</riLinkId>
            <riPortRef1>ManagedElement=1,Equipment=1,FieldReplaceableUnit=ERS-11,RiPort=DATA_1</riPortRef1>
            <riPortRef2>ManagedElement=1,Equipment=1,FieldReplaceableUnit=ERS-14,RiPort=DATA_2</riPortRef2>
          </RiLink>
          <RiLink xmlns="urn:com:ericsson:ecim:ReqRiLink">
            <riLinkId>15</riLinkId>
            <riPortRef1>ManagedElement=1,Equipment=1,FieldReplaceableUnit=ERS-12,RiPort=DATA_1</riPortRef1>
            <riPortRef2>ManagedElement=1,Equipment=1,FieldReplaceableUnit=ERS-15,RiPort=DATA_2</riPortRef2>
          </RiLink>
        </Equipment>
        <NodeSupport xmlns="urn:com:ericsson:ecim:RmeSupport">
          <nodeSupportId>1</nodeSupportId>
          <MpClusterHandling xmlns="urn:com:ericsson:ecim:RmeMpClusterHandling">
            <mpClusterHandlingId>1</mpClusterHandlingId>
            <primaryCoreRef>ManagedElement=1,Equipment=1,FieldReplaceableUnit=BB6630</primaryCoreRef>
          </MpClusterHandling>
          <SectorEquipmentFunction xmlns="urn:com:ericsson:ecim:RmeSectorEquipmentFunction">
            <sectorEquipmentFunctionId>S1</sectorEquipmentFunctionId>
            <administrativeState>UNLOCKED</administrativeState>
            <rfBranchRef>ManagedElement=1,Equipment=1,AntennaUnitGroup=1,RfBranch=1</rfBranchRef>
            <rfBranchRef>ManagedElement=1,Equipment=1,AntennaUnitGroup=1,RfBranch=2</rfBranchRef>
            <rfBranchRef>ManagedElement=1,Equipment=1,AntennaUnitGroup=1,RfBranch=3</rfBranchRef>
            <rfBranchRef>ManagedElement=1,Equipment=1,AntennaUnitGroup=1,RfBranch=4</rfBranchRef>
          </SectorEquipmentFunction>
          <SectorEquipmentFunction xmlns="urn:com:ericsson:ecim:RmeSectorEquipmentFunction">
            <sectorEquipmentFunctionId>S2</sectorEquipmentFunctionId>
            <administrativeState>UNLOCKED</administrativeState>
            <rfBranchRef>ManagedElement=1,Equipment=1,AntennaUnitGroup=2,RfBranch=1</rfBranchRef>
            <rfBranchRef>ManagedElement=1,Equipment=1,AntennaUnitGroup=2,RfBranch=2</rfBranchRef>
            <rfBranchRef>ManagedElement=1,Equipment=1,AntennaUnitGroup=2,RfBranch=3</rfBranchRef>
            <rfBranchRef>ManagedElement=1,Equipment=1,AntennaUnitGroup=2,RfBranch=4</rfBranchRef>
          </SectorEquipmentFunction>
          <SectorEquipmentFunction xmlns="urn:com:ericsson:ecim:RmeSectorEquipmentFunction">
            <sectorEquipmentFunctionId>S3</sectorEquipmentFunctionId>
            <administrativeState>UNLOCKED</administrativeState>
            <rfBranchRef>ManagedElement=1,Equipment=1,AntennaUnitGroup=3,RfBranch=1</rfBranchRef>
            <rfBranchRef>ManagedElement=1,Equipment=1,AntennaUnitGroup=3,RfBranch=2</rfBranchRef>
            <rfBranchRef>ManagedElement=1,Equipment=1,AntennaUnitGroup=3,RfBranch=3</rfBranchRef>
            <rfBranchRef>ManagedElement=1,Equipment=1,AntennaUnitGroup=3,RfBranch=4</rfBranchRef>
          </SectorEquipmentFunction>
          <SectorEquipmentFunction xmlns="urn:com:ericsson:ecim:RmeSectorEquipmentFunction">
            <sectorEquipmentFunctionId>S4</sectorEquipmentFunctionId>
            <administrativeState>UNLOCKED</administrativeState>
            <rfBranchRef>ManagedElement=1,Equipment=1,AntennaUnitGroup=4,RfBranch=1</rfBranchRef>
            <rfBranchRef>ManagedElement=1,Equipment=1,AntennaUnitGroup=4,RfBranch=2</rfBranchRef>
          </SectorEquipmentFunction>
          <SectorEquipmentFunction xmlns="urn:com:ericsson:ecim:RmeSectorEquipmentFunction">
            <sectorEquipmentFunctionId>S5</sectorEquipmentFunctionId>
            <administrativeState>UNLOCKED</administrativeState>
            <rfBranchRef>ManagedElement=1,Equipment=1,AntennaUnitGroup=5,RfBranch=1</rfBranchRef>
            <rfBranchRef>ManagedElement=1,Equipment=1,AntennaUnitGroup=5,RfBranch=2</rfBranchRef>
          </SectorEquipmentFunction>
          <SectorEquipmentFunction xmlns="urn:com:ericsson:ecim:RmeSectorEquipmentFunction">
            <sectorEquipmentFunctionId>S6</sectorEquipmentFunctionId>
            <administrativeState>UNLOCKED</administrativeState>
            <rfBranchRef>ManagedElement=1,Equipment=1,AntennaUnitGroup=6,RfBranch=1</rfBranchRef>
            <rfBranchRef>ManagedElement=1,Equipment=1,AntennaUnitGroup=6,RfBranch=2</rfBranchRef>
          </SectorEquipmentFunction>
          <SectorEquipmentFunction xmlns="urn:com:ericsson:ecim:RmeSectorEquipmentFunction">
            <sectorEquipmentFunctionId>S7</sectorEquipmentFunctionId>
            <administrativeState>UNLOCKED</administrativeState>
            <rfBranchRef>ManagedElement=1,Equipment=1,AntennaUnitGroup=7,RfBranch=1</rfBranchRef>
            <rfBranchRef>ManagedElement=1,Equipment=1,AntennaUnitGroup=7,RfBranch=2</rfBranchRef>
            <rfBranchRef>ManagedElement=1,Equipment=1,AntennaUnitGroup=7,RfBranch=3</rfBranchRef>
            <rfBranchRef>ManagedElement=1,Equipment=1,AntennaUnitGroup=7,RfBranch=4</rfBranchRef>
          </SectorEquipmentFunction>
          <SectorEquipmentFunction xmlns="urn:com:ericsson:ecim:RmeSectorEquipmentFunction">
            <sectorEquipmentFunctionId>S8</sectorEquipmentFunctionId>
            <administrativeState>UNLOCKED</administrativeState>
            <rfBranchRef>ManagedElement=1,Equipment=1,AntennaUnitGroup=8,RfBranch=1</rfBranchRef>
            <rfBranchRef>ManagedElement=1,Equipment=1,AntennaUnitGroup=8,RfBranch=2</rfBranchRef>
            <rfBranchRef>ManagedElement=1,Equipment=1,AntennaUnitGroup=8,RfBranch=3</rfBranchRef>
            <rfBranchRef>ManagedElement=1,Equipment=1,AntennaUnitGroup=8,RfBranch=4</rfBranchRef>
          </SectorEquipmentFunction>
          <SectorEquipmentFunction xmlns="urn:com:ericsson:ecim:RmeSectorEquipmentFunction">
            <sectorEquipmentFunctionId>S9</sectorEquipmentFunctionId>
            <administrativeState>UNLOCKED</administrativeState>
            <rfBranchRef>ManagedElement=1,Equipment=1,AntennaUnitGroup=9,RfBranch=1</rfBranchRef>
            <rfBranchRef>ManagedElement=1,Equipment=1,AntennaUnitGroup=9,RfBranch=2</rfBranchRef>
            <rfBranchRef>ManagedElement=1,Equipment=1,AntennaUnitGroup=9,RfBranch=3</rfBranchRef>
            <rfBranchRef>ManagedElement=1,Equipment=1,AntennaUnitGroup=9,RfBranch=4</rfBranchRef>
          </SectorEquipmentFunction>
        </NodeSupport>
      </ManagedElement>
    </config>
  </edit-config>
</rpc>
]]>]]>
<rpc message-id="Closing" xmlns="urn:ietf:params:xml:ns:netconf:base:1.0">
  <close-session></close-session>
</rpc>
]]>]]>
