<?xml version="1.0" encoding="UTF-8"?>
<hello xmlns="urn:ietf:params:xml:ns:netconf:base:1.0">
  <capabilities>
    <capability>urn:ietf:params:netconf:base:1.0</capability>
  </capabilities>
</hello>
]]>]]>
<rpc message-id="1" xmlns="urn:ietf:params:xml:ns:netconf:base:1.0">
  <edit-config>
    <target>
      <running />
    </target>
    <config xmlns:xc="urn:ietf:params:xml:ns:netconf:base:1.0">
      <ManagedElement xmlns="urn:com:ericsson:ecim:ComTop">
        <managedElementId>EJD779</managedElementId>
        <NodeSupport xmlns="urn:com:ericsson:ecim:RmeSupport">
          <nodeSupportId>1</nodeSupportId>
          <TimeSettings xmlns="urn:com:ericsson:ecim:RmeTimeSettings">
            <timeSettingsId>1</timeSettingsId>
            <daylightSavingTimeOffset>1:00</daylightSavingTimeOffset>
            <gpsToUtcLeapSeconds>0</gpsToUtcLeapSeconds>
            <timeOffset>+00:00</timeOffset>
          </TimeSettings>
        </NodeSupport>
        <Transport>
          <transportId>1</transportId>
          <QosProfiles xmlns="urn:com:ericsson:ecim:RtnQosProfiles">
            <qosProfilesId>1</qosProfilesId>
            <DscpPcpMap>
              <dscpPcpMapId>1</dscpPcpMapId>
              <defaultPcp>0</defaultPcp>
              <pcp1>0</pcp1>
              <pcp1>8</pcp1>
              <pcp1>14</pcp1>
              <pcp1>16</pcp1>
              <pcp1>22</pcp1>
              <pcp2>10</pcp2>
              <pcp2>18</pcp2>
              <pcp2>12</pcp2>
              <pcp2>20</pcp2>
              <pcp4>26</pcp4>
              <pcp5>34</pcp5>
              <pcp6>46</pcp6>
              <pcp6>36</pcp6>
              <pcp6>38</pcp6>
              <pcp7>54</pcp7>
              <pcp7>51</pcp7>
              <pcp7>40</pcp7>
              <pcp7>48</pcp7>
              <pcp7>32</pcp7>
            </DscpPcpMap>
          </QosProfiles>
          <Router xmlns="urn:com:ericsson:ecim:RtnL3Router">
            <routerId>LTE_CP_UP</routerId>
            <InterfaceIPv4 xmlns="urn:com:ericsson:ecim:RtnL3InterfaceIPv4">
              <interfaceIPv4Id>1</interfaceIPv4Id>
              <egressQosMarking>ManagedElement=EJD779,Transport=1,QosProfiles=1,DscpPcpMap=1</egressQosMarking>
            </InterfaceIPv4>
          </Router>
          <Router xmlns="urn:com:ericsson:ecim:RtnL3Router">
            <routerId>vr_OAM</routerId>
            <InterfaceIPv4 xmlns="urn:com:ericsson:ecim:RtnL3InterfaceIPv4">
              <interfaceIPv4Id>1</interfaceIPv4Id>
              <egressQosMarking>ManagedElement=EJD779,Transport=1,QosProfiles=1,DscpPcpMap=1</egressQosMarking>
            </InterfaceIPv4>
          </Router>
          <SctpProfile xmlns="urn:com:ericsson:ecim:RtnSctpProfile">
            <sctpProfileId>1</sctpProfileId>
            <alphaIndex>ALPHA_1_8TH</alphaIndex>
            <assocMaxRtx>5</assocMaxRtx>
            <betaIndex>BETA_1_4TH</betaIndex>
            <bundlingActivated>true</bundlingActivated>
            <bundlingAdaptiveActivated>true</bundlingAdaptiveActivated>
            <bundlingTimer>10</bundlingTimer>
            <cookieLife>60</cookieLife>
            <dscp>40</dscp>
            <hbMaxBurst>0</hbMaxBurst>
            <heartbeatActivated>true</heartbeatActivated>
            <heartbeatInterval>300000</heartbeatInterval>
            <incCookieLife>30</incCookieLife>
            <initARWnd>32768</initARWnd>
            <initialHeartbeatInterval>5000</initialHeartbeatInterval>
            <initRto>220</initRto>
            <maxActivateThr>65535</maxActivateThr>
            <maxBurst>4</maxBurst>
            <maxInitRt>8</maxInitRt>
            <maxInStreams>17</maxInStreams>
            <maxOutStreams>17</maxOutStreams>
            <maxRto>800</maxRto>
            <maxSctpPduSize>0</maxSctpPduSize>
            <maxShutdownRt>5</maxShutdownRt>
            <minActivateThr>1</minActivateThr>
            <minRto>220</minRto>
            <noSwitchback>false</noSwitchback>
            <pathMaxRtx>4</pathMaxRtx>
            <primaryPathAvoidance>true</primaryPathAvoidance>
            <primaryPathMaxRtx>0</primaryPathMaxRtx>
            <sackTimer>200</sackTimer>
            <thrTransmitBuffer>192</thrTransmitBuffer>
            <thrTransmitBufferCongCeased>85</thrTransmitBufferCongCeased>
            <transmitBufferSize>256</transmitBufferSize>
          </SctpProfile>
          <SctpEndpoint xmlns="urn:com:ericsson:ecim:RtnSctp">
            <sctpEndpointId>1</sctpEndpointId>
            <localIpAddress>ManagedElement=EJD779,Transport=1,Router=LTE_CP_UP,InterfaceIPv4=1,AddressIPv4=1</localIpAddress>
            <portNumber>36422</portNumber>
            <sctpProfile>ManagedElement=EJD779,Transport=1,SctpProfile=1</sctpProfile>
          </SctpEndpoint>
          <Synchronization xmlns="urn:com:ericsson:ecim:RsyncSynchronization">
            <synchronizationId>1</synchronizationId>
            <fixedPosition>true</fixedPosition>
            <telecomStandard>OPTION_I</telecomStandard>
            <RadioEquipmentClock xmlns="urn:com:ericsson:ecim:RsyncRadioEquipmentClock">
              <radioEquipmentClockId>1</radioEquipmentClockId>
              <bfnOffset>0</bfnOffset>
              <freqDeviationThreshold>5000</freqDeviationThreshold>
              <selectionProcessMode>QL_DISABLED</selectionProcessMode>
              <minQualityLevel>
                <qualityLevelValueOptionI>SSU_A</qualityLevelValueOptionI>
                <qualityLevelValueOptionII>STU</qualityLevelValueOptionII>
                <qualityLevelValueOptionIII>UNK</qualityLevelValueOptionIII>
              </minQualityLevel>
            </RadioEquipmentClock>
          </Synchronization>
        </Transport>
      </ManagedElement>
    </config>
  </edit-config>
</rpc>
]]>]]>
<rpc message-id="Closing" xmlns="urn:ietf:params:xml:ns:netconf:base:1.0">
  <close-session></close-session>
</rpc>
]]>]]>
