<?xml version="1.0" encoding="UTF-8"?>
<hello xmlns="urn:ietf:params:xml:ns:netconf:base:1.0">
  <capabilities>
    <capability>urn:ietf:params:netconf:base:1.0</capability>
  </capabilities>
</hello>
]]>]]>
<rpc message-id="1" xmlns="urn:ietf:params:xml:ns:netconf:base:1.0">
  <edit-config>
    <target>
      <running />
    </target>
    <config xmlns:xc="urn:ietf:params:xml:ns:netconf:base:1.0">
      <ManagedElement xmlns="urn:com:ericsson:ecim:ComTop">
        <managedElementId>EAK065</managedElementId>
        <ENodeBFunction xmlns="urn:com:ericsson:ecim:Lrat">
          <eNodeBFunctionId>1</eNodeBFunctionId>
          <timeAndPhaseSynchCritical>false</timeAndPhaseSynchCritical>
          <userLabel>EAK065_FTTM</userLabel>
          <sctpRef>ManagedElement=EAK065,Transport=1,SctpEndpoint=1</sctpRef>
          <dnsLookupOnTai>OFF</dnsLookupOnTai>
          <dnsLookupTimer>0</dnsLookupTimer>
          <dscpLabel>40</dscpLabel>
          <eNBId>203065</eNBId>
          <x2retryTimerMaxAuto>1440</x2retryTimerMaxAuto>
          <x2retryTimerStart>30</x2retryTimerStart>
          <s1RetryTimer>30</s1RetryTimer>
          <ulSchedulerDynamicBWAllocationEnabled>true</ulSchedulerDynamicBWAllocationEnabled>
          <x2IpAddrViaS1Active>true</x2IpAddrViaS1Active>
          <nnsfMode>RPLMN_IF_SAME_AS_SPLMN</nnsfMode>
          <rrcConnReestActive>true</rrcConnReestActive>
          <zzzTemporary9>-2000000000</zzzTemporary9>
          <zzzTemporary10>-2000000000</zzzTemporary10>
          <zzzTemporary11>-2000000000</zzzTemporary11>
          <zzzTemporary12>-2000000000</zzzTemporary12>
          <x2SetupTwoWayRelations>true</x2SetupTwoWayRelations>
          <timePhaseMaxDeviation>30</timePhaseMaxDeviation>
          <licCapDistrMethod>SYSTEM</licCapDistrMethod>
          <s1HODirDataPathAvail>false</s1HODirDataPathAvail>
          <minRandc>1</minRandc>
          <maxRandc>255</maxRandc>
          <randUpdateInterval>200</randUpdateInterval>
          <zzzTemporary13>-2000000000</zzzTemporary13>
          <zzzTemporary16>-2000000000</zzzTemporary16>
          <upIpAddressRef>ManagedElement=EAK065,Transport=1,Router=LTE_CP_UP,InterfaceIPv4=1,AddressIPv4=1</upIpAddressRef>
          <pwsPersistentStorage>OFF</pwsPersistentStorage>
          <csfbMeasFromIdleMode>true</csfbMeasFromIdleMode>
          <maxNoCellsNaccCsfb>4</maxNoCellsNaccCsfb>
          <forcedSiTunnelingActive>false</forcedSiTunnelingActive>
          <initPreschedulingEnable>true</initPreschedulingEnable>
          <zzzTemporary18>-2000000000</zzzTemporary18>
          <zzzTemporary21>-2000000000</zzzTemporary21>
          <zzzTemporary22>-2000000000</zzzTemporary22>
          <zzzTemporary23>-2000000000</zzzTemporary23>
          <zzzTemporary24>-2000000000</zzzTemporary24>
          <zzzTemporary25>-2000000000</zzzTemporary25>
          <zzzTemporary26>-2000000000</zzzTemporary26>
          <tOutgoingHoExecCdma1xRtt>5</tOutgoingHoExecCdma1xRtt>
          <biasThpWifiMobility>10</biasThpWifiMobility>
          <tS1HoCancelTimer>3</tS1HoCancelTimer>
          <releaseInactiveUesInactTime>5</releaseInactiveUesInactTime>
          <releaseInactiveUesMpLoadLevel>HIGH_LOAD</releaseInactiveUesMpLoadLevel>
          <combCellSectorSelectThreshTx>300</combCellSectorSelectThreshTx>
          <combCellSectorSelectThreshRx>300</combCellSectorSelectThreshRx>
          <timePhaseMaxDeviationSib16>100</timePhaseMaxDeviationSib16>
          <timePhaseMaxDeviationMbms>50</timePhaseMaxDeviationMbms>
          <timePhaseMaxDeviationOtdoa>9</timePhaseMaxDeviationOtdoa>
          <timePhaseMaxDeviationCdma2000>100</timePhaseMaxDeviationCdma2000>
          <timePhaseMaxDeviationTdd>15</timePhaseMaxDeviationTdd>
          <timeAndPhaseSynchAlignment>true</timeAndPhaseSynchAlignment>
          <licConnectedUsersPercentileConf>90</licConnectedUsersPercentileConf>
          <licDlBbPercentileConf>90</licDlBbPercentileConf>
          <licUlBbPercentileConf>90</licUlBbPercentileConf>
          <licDlPrbPercentileConf>90</licDlPrbPercentileConf>
          <licUlPrbPercentileConf>90</licUlPrbPercentileConf>
          <mtRreWithoutNeighborActive>true</mtRreWithoutNeighborActive>
          <csmMinHighHitThreshold>70</csmMinHighHitThreshold>
          <checkEmergencySoftLock>false</checkEmergencySoftLock>
          <softLockRwRWaitTimerInternal>60</softLockRwRWaitTimerInternal>
          <softLockRwRWaitTimerOperator>60</softLockRwRWaitTimerOperator>
          <mfbiSupportPolicy>false</mfbiSupportPolicy>
          <zzzTemporary28>-2000000000</zzzTemporary28>
          <zzzTemporary32>1</zzzTemporary32>
          <zzzTemporary33>-2000000000</zzzTemporary33>
          <zzzTemporary34>-2000000000</zzzTemporary34>
          <tddVoipDrxProfileId>-1</tddVoipDrxProfileId>
          <measuringEcgiWithAgActive>false</measuringEcgiWithAgActive>
          <enabledUlTrigMeas>false</enabledUlTrigMeas>
          <ulMaxWaitingTimeGlobal>0</ulMaxWaitingTimeGlobal>
          <dlMaxWaitingTimeGlobal>0</dlMaxWaitingTimeGlobal>
          <tRelocOverall>20</tRelocOverall>
          <alignTtiBundWUlTrigSinr>OFF</alignTtiBundWUlTrigSinr>
          <s1GtpuEchoEnable>DISABLED</s1GtpuEchoEnable>
          <x2GtpuEchoEnable>DISABLED</x2GtpuEchoEnable>
          <s1GtpuEchoDscp>14</s1GtpuEchoDscp>
          <x2GtpuEchoDscp>14</x2GtpuEchoDscp>
          <gtpuErrorIndicationDscp>40</gtpuErrorIndicationDscp>
          <s1GtpuEchoFailureAction>NONE</s1GtpuEchoFailureAction>
          <zzzTemporary35>-2000000000</zzzTemporary35>
          <zzzTemporary36>-2000000000</zzzTemporary36>
          <zzzTemporary37>-2000000000</zzzTemporary37>
          <zzzTemporary39>-2000000000</zzzTemporary39>
          <zzzTemporary40>-2000000000</zzzTemporary40>
          <caAwareMfbiIntraCellHo>false</caAwareMfbiIntraCellHo>
          <prioritizeAdditionalBands>false</prioritizeAdditionalBands>
          <useBandPrioritiesInSCellEval>false</useBandPrioritiesInSCellEval>
          <interEnbCaTunnelDscp>14</interEnbCaTunnelDscp>
          <timePhaseMaxDeviationIeNbCa>30</timePhaseMaxDeviationIeNbCa>
          <altNasBackTo>DEFAULT_DCN</altNasBackTo>
          <zzzTemporary41>-2000000000</zzzTemporary41>
          <zzzTemporary42>-2000000000</zzzTemporary42>
          <zzzTemporary54>-2000000000</zzzTemporary54>
          <zzzTemporary47>0</zzzTemporary47>
          <zzzTemporary48>-2000000000</zzzTemporary48>
          <zzzTemporary49>-2000000000</zzzTemporary49>
          <zzzTemporary50>-2000000000</zzzTemporary50>
          <zzzTemporary51>-2000000000</zzzTemporary51>
          <zzzTemporary52>-2000000000</zzzTemporary52>
          <timePhaseMaxDeviationEdrx>10</timePhaseMaxDeviationEdrx>
          <csfbUseRegisteredLai>false</csfbUseRegisteredLai>
          <timePhaseMaxDeviationTdd1>15</timePhaseMaxDeviationTdd1>
          <timePhaseMaxDeviationTdd2>15</timePhaseMaxDeviationTdd2>
          <timePhaseMaxDeviationTdd3>15</timePhaseMaxDeviationTdd3>
          <timePhaseMaxDeviationTdd4>15</timePhaseMaxDeviationTdd4>
          <timePhaseMaxDeviationTdd5>15</timePhaseMaxDeviationTdd5>
          <timePhaseMaxDeviationTdd6>15</timePhaseMaxDeviationTdd6>
          <timePhaseMaxDeviationTdd7>15</timePhaseMaxDeviationTdd7>
          <timePhaseMaxDevIeNBUlComp>30</timePhaseMaxDevIeNBUlComp>
          <interEnbUlCompTunnelDscp>14</interEnbUlCompTunnelDscp>
          <maxNrOfInterEnbUlCompLbm>6</maxNrOfInterEnbUlCompLbm>
          <extendedWaitTimeNb>0</extendedWaitTimeNb>
          <inactivitySupervisionTimerNb>100</inactivitySupervisionTimerNb>
          <inactivitySupervisionTimerNb>150</inactivitySupervisionTimerNb>
          <inactivitySupervisionTimerNb>200</inactivitySupervisionTimerNb>
          <zzzTemporary55>-2000000000</zzzTemporary55>
          <zzzTemporary56>-2000000000</zzzTemporary56>
          <zzzTemporary57>-2000000000</zzzTemporary57>
          <zzzTemporary58>-2000000000</zzzTemporary58>
          <maxNrOfEnbPartnersEranUlComp>6</maxNrOfEnbPartnersEranUlComp>
          <eranUlCompReSelectLinkTime>7</eranUlCompReSelectLinkTime>
          <zzzTemporary61>-2000000000</zzzTemporary61>
          <s1GtpuEchoInterval>1000</s1GtpuEchoInterval>
          <zzzTemporary62>-2000000000</zzzTemporary62>
          <intraEnbHoNasNonDelIndCause>false</intraEnbHoNasNonDelIndCause>
          <zzzTemporary63>-2000000000</zzzTemporary63>
          <iuaBbmResourceLimit>20</iuaBbmResourceLimit>
          <endcPowerOffsetLte>3</endcPowerOffsetLte>
          <zzzTemporary64>false</zzzTemporary64>
          <eNodeBPlmnId>
            <mcc>420</mcc>
            <mnc>1</mnc>
            <mncLength>2</mncLength>
          </eNodeBPlmnId>
        </ENodeBFunction>
      </ManagedElement>
    </config>
  </edit-config>
</rpc>
]]>]]>
<rpc message-id="Closing" xmlns="urn:ietf:params:xml:ns:netconf:base:1.0">
  <close-session></close-session>
</rpc>
]]>]]>
