<?xml version="1.0" encoding="UTF-8"?>
<hello xmlns="urn:ietf:params:xml:ns:netconf:base:1.0">
  <capabilities>
    <capability>urn:ietf:params:netconf:base:1.0</capability>
  </capabilities>
</hello>
]]>]]>
<rpc message-id="1" xmlns="urn:ietf:params:xml:ns:netconf:base:1.0">
  <edit-config>
    <target>
      <running />
    </target>
    <config xmlns:xc="urn:ietf:params:xml:ns:netconf:base:1.0">
      <ManagedElement xmlns="urn:com:ericsson:ecim:ComTop">
        <managedElementId>EJD779</managedElementId>
        <SystemFunctions>
          <systemFunctionsId>1</systemFunctionsId>
          <Lm xmlns="urn:com:ericsson:ecim:RcsLM">
            <lmId>1</lmId>
            <FeatureState>
              <featureStateId>CXC4010319</featureStateId>
              <featureState>ACTIVATED</featureState>
            </FeatureState>
            <FeatureState>
              <featureStateId>CXC4010320</featureStateId>
              <featureState>ACTIVATED</featureState>
            </FeatureState>
            <FeatureState>
              <featureStateId>CXC4010511</featureStateId>
              <featureState>DEACTIVATED</featureState>
            </FeatureState>
            <FeatureState>
              <featureStateId>CXC4010512</featureStateId>
              <featureState>DEACTIVATED</featureState>
            </FeatureState>
            <FeatureState>
              <featureStateId>CXC4010609</featureStateId>
              <featureState>ACTIVATED</featureState>
            </FeatureState>
            <FeatureState>
              <featureStateId>CXC4010613</featureStateId>
              <featureState>ACTIVATED</featureState>
            </FeatureState>
            <FeatureState>
              <featureStateId>CXC4010614</featureStateId>
              <featureState>DEACTIVATED</featureState>
            </FeatureState>
            <FeatureState>
              <featureStateId>CXC4010616</featureStateId>
              <featureState>ACTIVATED</featureState>
            </FeatureState>
            <FeatureState>
              <featureStateId>CXC4010618</featureStateId>
              <featureState>ACTIVATED</featureState>
            </FeatureState>
            <FeatureState>
              <featureStateId>CXC4010620</featureStateId>
              <featureState>ACTIVATED</featureState>
            </FeatureState>
            <FeatureState>
              <featureStateId>CXC4010717</featureStateId>
              <featureState>ACTIVATED</featureState>
            </FeatureState>
            <FeatureState>
              <featureStateId>CXC4010723</featureStateId>
              <featureState>ACTIVATED</featureState>
            </FeatureState>
            <FeatureState>
              <featureStateId>CXC4010770</featureStateId>
              <featureState>ACTIVATED</featureState>
            </FeatureState>
            <FeatureState>
              <featureStateId>CXC4010841</featureStateId>
              <featureState>DEACTIVATED</featureState>
            </FeatureState>
            <FeatureState>
              <featureStateId>CXC4010856</featureStateId>
              <featureState>ACTIVATED</featureState>
            </FeatureState>
            <FeatureState>
              <featureStateId>CXC4010912</featureStateId>
              <featureState>ACTIVATED</featureState>
            </FeatureState>
            <FeatureState>
              <featureStateId>CXC4010949</featureStateId>
              <featureState>DEACTIVATED</featureState>
            </FeatureState>
            <FeatureState>
              <featureStateId>CXC4010955</featureStateId>
              <featureState>DEACTIVATED</featureState>
            </FeatureState>
            <FeatureState>
              <featureStateId>CXC4010956</featureStateId>
              <featureState>ACTIVATED</featureState>
            </FeatureState>
            <FeatureState>
              <featureStateId>CXC4010959</featureStateId>
              <featureState>ACTIVATED</featureState>
            </FeatureState>
            <FeatureState>
              <featureStateId>CXC4010960</featureStateId>
              <featureState>DEACTIVATED</featureState>
            </FeatureState>
            <FeatureState>
              <featureStateId>CXC4010961</featureStateId>
              <featureState>ACTIVATED</featureState>
            </FeatureState>
            <FeatureState>
              <featureStateId>CXC4010962</featureStateId>
              <featureState>DEACTIVATED</featureState>
            </FeatureState>
            <FeatureState>
              <featureStateId>CXC4010967</featureStateId>
              <featureState>DEACTIVATED</featureState>
            </FeatureState>
            <FeatureState>
              <featureStateId>CXC4010973</featureStateId>
              <featureState>ACTIVATED</featureState>
            </FeatureState>
            <FeatureState>
              <featureStateId>CXC4010974</featureStateId>
              <featureState>ACTIVATED</featureState>
            </FeatureState>
            <FeatureState>
              <featureStateId>CXC4010980</featureStateId>
              <featureState>DEACTIVATED</featureState>
            </FeatureState>
            <FeatureState>
              <featureStateId>CXC4010990</featureStateId>
              <featureState>ACTIVATED</featureState>
            </FeatureState>
            <FeatureState>
              <featureStateId>CXC4011011</featureStateId>
              <featureState>ACTIVATED</featureState>
            </FeatureState>
            <FeatureState>
              <featureStateId>CXC4011018</featureStateId>
              <featureState>ACTIVATED</featureState>
            </FeatureState>
            <FeatureState>
              <featureStateId>CXC4011033</featureStateId>
              <featureState>ACTIVATED</featureState>
            </FeatureState>
            <FeatureState>
              <featureStateId>CXC4011034</featureStateId>
              <featureState>ACTIVATED</featureState>
            </FeatureState>
            <FeatureState>
              <featureStateId>CXC4011050</featureStateId>
              <featureState>ACTIVATED</featureState>
            </FeatureState>
            <FeatureState>
              <featureStateId>CXC4011055</featureStateId>
              <featureState>DEACTIVATED</featureState>
            </FeatureState>
            <FeatureState>
              <featureStateId>CXC4011056</featureStateId>
              <featureState>ACTIVATED</featureState>
            </FeatureState>
            <FeatureState>
              <featureStateId>CXC4011057</featureStateId>
              <featureState>ACTIVATED</featureState>
            </FeatureState>
            <FeatureState>
              <featureStateId>CXC4011059</featureStateId>
              <featureState>ACTIVATED</featureState>
            </FeatureState>
            <FeatureState>
              <featureStateId>CXC4011060</featureStateId>
              <featureState>ACTIVATED</featureState>
            </FeatureState>
            <FeatureState>
              <featureStateId>CXC4011061</featureStateId>
              <featureState>ACTIVATED</featureState>
            </FeatureState>
            <FeatureState>
              <featureStateId>CXC4011062</featureStateId>
              <featureState>ACTIVATED</featureState>
            </FeatureState>
            <FeatureState>
              <featureStateId>CXC4011063</featureStateId>
              <featureState>DEACTIVATED</featureState>
            </FeatureState>
            <FeatureState>
              <featureStateId>CXC4011064</featureStateId>
              <featureState>ACTIVATED</featureState>
            </FeatureState>
            <FeatureState>
              <featureStateId>CXC4011067</featureStateId>
              <featureState>DEACTIVATED</featureState>
            </FeatureState>
            <FeatureState>
              <featureStateId>CXC4011068</featureStateId>
              <featureState>DEACTIVATED</featureState>
            </FeatureState>
            <FeatureState>
              <featureStateId>CXC4011069</featureStateId>
              <featureState>DEACTIVATED</featureState>
            </FeatureState>
            <FeatureState>
              <featureStateId>CXC4011072</featureStateId>
              <featureState>ACTIVATED</featureState>
            </FeatureState>
            <FeatureState>
              <featureStateId>CXC4011074</featureStateId>
              <featureState>ACTIVATED</featureState>
            </FeatureState>
            <FeatureState>
              <featureStateId>CXC4011075</featureStateId>
              <featureState>ACTIVATED</featureState>
            </FeatureState>
            <FeatureState>
              <featureStateId>CXC4011155</featureStateId>
              <featureState>DEACTIVATED</featureState>
            </FeatureState>
            <FeatureState>
              <featureStateId>CXC4011157</featureStateId>
              <featureState>ACTIVATED</featureState>
            </FeatureState>
            <FeatureState>
              <featureStateId>CXC4011163</featureStateId>
              <featureState>DEACTIVATED</featureState>
            </FeatureState>
            <FeatureState>
              <featureStateId>CXC4011183</featureStateId>
              <featureState>ACTIVATED</featureState>
            </FeatureState>
            <FeatureState>
              <featureStateId>CXC4011242</featureStateId>
              <featureState>ACTIVATED</featureState>
            </FeatureState>
            <FeatureState>
              <featureStateId>CXC4011245</featureStateId>
              <featureState>ACTIVATED</featureState>
            </FeatureState>
            <FeatureState>
              <featureStateId>CXC4011246</featureStateId>
              <featureState>DEACTIVATED</featureState>
            </FeatureState>
            <FeatureState>
              <featureStateId>CXC4011247</featureStateId>
              <featureState>ACTIVATED</featureState>
            </FeatureState>
            <FeatureState>
              <featureStateId>CXC4011251</featureStateId>
              <featureState>ACTIVATED</featureState>
            </FeatureState>
            <FeatureState>
              <featureStateId>CXC4011252</featureStateId>
              <featureState>DEACTIVATED</featureState>
            </FeatureState>
            <FeatureState>
              <featureStateId>CXC4011253</featureStateId>
              <featureState>ACTIVATED</featureState>
            </FeatureState>
            <FeatureState>
              <featureStateId>CXC4011254</featureStateId>
              <featureState>DEACTIVATED</featureState>
            </FeatureState>
            <FeatureState>
              <featureStateId>CXC4011255</featureStateId>
              <featureState>ACTIVATED</featureState>
            </FeatureState>
            <FeatureState>
              <featureStateId>CXC4011256</featureStateId>
              <featureState>DEACTIVATED</featureState>
            </FeatureState>
            <FeatureState>
              <featureStateId>CXC4011258</featureStateId>
              <featureState>ACTIVATED</featureState>
            </FeatureState>
            <FeatureState>
              <featureStateId>CXC4011262</featureStateId>
              <featureState>DEACTIVATED</featureState>
            </FeatureState>
            <FeatureState>
              <featureStateId>CXC4011264</featureStateId>
              <featureState>DEACTIVATED</featureState>
            </FeatureState>
            <FeatureState>
              <featureStateId>CXC4011266</featureStateId>
              <featureState>DEACTIVATED</featureState>
            </FeatureState>
            <FeatureState>
              <featureStateId>CXC4011317</featureStateId>
              <featureState>ACTIVATED</featureState>
            </FeatureState>
            <FeatureState>
              <featureStateId>CXC4011319</featureStateId>
              <featureState>ACTIVATED</featureState>
            </FeatureState>
            <FeatureState>
              <featureStateId>CXC4011326</featureStateId>
              <featureState>DEACTIVATED</featureState>
            </FeatureState>
            <FeatureState>
              <featureStateId>CXC4011327</featureStateId>
              <featureState>ACTIVATED</featureState>
            </FeatureState>
            <FeatureState>
              <featureStateId>CXC4011345</featureStateId>
              <featureState>ACTIVATED</featureState>
            </FeatureState>
            <FeatureState>
              <featureStateId>CXC4011346</featureStateId>
              <featureState>DEACTIVATED</featureState>
            </FeatureState>
            <FeatureState>
              <featureStateId>CXC4011356</featureStateId>
              <featureState>ACTIVATED</featureState>
            </FeatureState>
            <FeatureState>
              <featureStateId>CXC4011365</featureStateId>
              <featureState>DEACTIVATED</featureState>
            </FeatureState>
            <FeatureState>
              <featureStateId>CXC4011366</featureStateId>
              <featureState>ACTIVATED</featureState>
            </FeatureState>
            <FeatureState>
              <featureStateId>CXC4011368</featureStateId>
              <featureState>DEACTIVATED</featureState>
            </FeatureState>
            <FeatureState>
              <featureStateId>CXC4011370</featureStateId>
              <featureState>ACTIVATED</featureState>
            </FeatureState>
            <FeatureState>
              <featureStateId>CXC4011372</featureStateId>
              <featureState>ACTIVATED</featureState>
            </FeatureState>
            <FeatureState>
              <featureStateId>CXC4011373</featureStateId>
              <featureState>ACTIVATED</featureState>
            </FeatureState>
            <FeatureState>
              <featureStateId>CXC4011376</featureStateId>
              <featureState>ACTIVATED</featureState>
            </FeatureState>
            <FeatureState>
              <featureStateId>CXC4011377</featureStateId>
              <featureState>DEACTIVATED</featureState>
            </FeatureState>
            <FeatureState>
              <featureStateId>CXC4011378</featureStateId>
              <featureState>ACTIVATED</featureState>
            </FeatureState>
            <FeatureState>
              <featureStateId>CXC4011422</featureStateId>
              <featureState>ACTIVATED</featureState>
            </FeatureState>
            <FeatureState>
              <featureStateId>CXC4011427</featureStateId>
              <featureState>ACTIVATED</featureState>
            </FeatureState>
            <FeatureState>
              <featureStateId>CXC4011443</featureStateId>
              <featureState>DEACTIVATED</featureState>
            </FeatureState>
            <FeatureState>
              <featureStateId>CXC4011444</featureStateId>
              <featureState>ACTIVATED</featureState>
            </FeatureState>
            <FeatureState>
              <featureStateId>CXC4011476</featureStateId>
              <featureState>ACTIVATED</featureState>
            </FeatureState>
            <FeatureState>
              <featureStateId>CXC4011477</featureStateId>
              <featureState>DEACTIVATED</featureState>
            </FeatureState>
            <FeatureState>
              <featureStateId>CXC4011478</featureStateId>
              <featureState>DEACTIVATED</featureState>
            </FeatureState>
            <FeatureState>
              <featureStateId>CXC4011479</featureStateId>
              <featureState>ACTIVATED</featureState>
            </FeatureState>
            <FeatureState>
              <featureStateId>CXC4011481</featureStateId>
              <featureState>DEACTIVATED</featureState>
            </FeatureState>
            <FeatureState>
              <featureStateId>CXC4011482</featureStateId>
              <featureState>ACTIVATED</featureState>
            </FeatureState>
            <FeatureState>
              <featureStateId>CXC4011485</featureStateId>
              <featureState>DEACTIVATED</featureState>
            </FeatureState>
            <FeatureState>
              <featureStateId>CXC4011512</featureStateId>
              <featureState>DEACTIVATED</featureState>
            </FeatureState>
            <FeatureState>
              <featureStateId>CXC4011513</featureStateId>
              <featureState>DEACTIVATED</featureState>
            </FeatureState>
            <FeatureState>
              <featureStateId>CXC4011515</featureStateId>
              <featureState>ACTIVATED</featureState>
            </FeatureState>
            <FeatureState>
              <featureStateId>CXC4011554</featureStateId>
              <featureState>ACTIVATED</featureState>
            </FeatureState>
            <FeatureState>
              <featureStateId>CXC4011555</featureStateId>
              <featureState>DEACTIVATED</featureState>
            </FeatureState>
            <FeatureState>
              <featureStateId>CXC4011557</featureStateId>
              <featureState>DEACTIVATED</featureState>
            </FeatureState>
            <FeatureState>
              <featureStateId>CXC4011558</featureStateId>
              <featureState>DEACTIVATED</featureState>
            </FeatureState>
            <FeatureState>
              <featureStateId>CXC4011559</featureStateId>
              <featureState>ACTIVATED</featureState>
            </FeatureState>
            <FeatureState>
              <featureStateId>CXC4011567</featureStateId>
              <featureState>DEACTIVATED</featureState>
            </FeatureState>
            <FeatureState>
              <featureStateId>CXC4011613</featureStateId>
              <featureState>DEACTIVATED</featureState>
            </FeatureState>
            <FeatureState>
              <featureStateId>CXC4011618</featureStateId>
              <featureState>DEACTIVATED</featureState>
            </FeatureState>
            <FeatureState>
              <featureStateId>CXC4011649</featureStateId>
              <featureState>DEACTIVATED</featureState>
            </FeatureState>
            <FeatureState>
              <featureStateId>CXC4011663</featureStateId>
              <featureState>DEACTIVATED</featureState>
            </FeatureState>
            <FeatureState>
              <featureStateId>CXC4011664</featureStateId>
              <featureState>DEACTIVATED</featureState>
            </FeatureState>
            <FeatureState>
              <featureStateId>CXC4011665</featureStateId>
              <featureState>DEACTIVATED</featureState>
            </FeatureState>
            <FeatureState>
              <featureStateId>CXC4011666</featureStateId>
              <featureState>DEACTIVATED</featureState>
            </FeatureState>
            <FeatureState>
              <featureStateId>CXC4011667</featureStateId>
              <featureState>ACTIVATED</featureState>
            </FeatureState>
            <FeatureState>
              <featureStateId>CXC4011698</featureStateId>
              <featureState>DEACTIVATED</featureState>
            </FeatureState>
            <FeatureState>
              <featureStateId>CXC4011699</featureStateId>
              <featureState>ACTIVATED</featureState>
            </FeatureState>
            <FeatureState>
              <featureStateId>CXC4011700</featureStateId>
              <featureState>DEACTIVATED</featureState>
            </FeatureState>
            <FeatureState>
              <featureStateId>CXC4011707</featureStateId>
              <featureState>DEACTIVATED</featureState>
            </FeatureState>
            <FeatureState>
              <featureStateId>CXC4011710</featureStateId>
              <featureState>DEACTIVATED</featureState>
            </FeatureState>
            <FeatureState>
              <featureStateId>CXC4011711</featureStateId>
              <featureState>DEACTIVATED</featureState>
            </FeatureState>
            <FeatureState>
              <featureStateId>CXC4011712</featureStateId>
              <featureState>DEACTIVATED</featureState>
            </FeatureState>
            <FeatureState>
              <featureStateId>CXC4011713</featureStateId>
              <featureState>DEACTIVATED</featureState>
            </FeatureState>
            <FeatureState>
              <featureStateId>CXC4011714</featureStateId>
              <featureState>ACTIVATED</featureState>
            </FeatureState>
            <FeatureState>
              <featureStateId>CXC4011715</featureStateId>
              <featureState>DEACTIVATED</featureState>
            </FeatureState>
            <FeatureState>
              <featureStateId>CXC4011716</featureStateId>
              <featureState>DEACTIVATED</featureState>
            </FeatureState>
            <FeatureState>
              <featureStateId>CXC4011736</featureStateId>
              <featureState>DEACTIVATED</featureState>
            </FeatureState>
            <FeatureState>
              <featureStateId>CXC4011802</featureStateId>
              <featureState>DEACTIVATED</featureState>
            </FeatureState>
            <FeatureState>
              <featureStateId>CXC4011803</featureStateId>
              <featureState>DEACTIVATED</featureState>
            </FeatureState>
            <FeatureState>
              <featureStateId>CXC4011804</featureStateId>
              <featureState>DEACTIVATED</featureState>
            </FeatureState>
            <FeatureState>
              <featureStateId>CXC4011807</featureStateId>
              <featureState>DEACTIVATED</featureState>
            </FeatureState>
            <FeatureState>
              <featureStateId>CXC4011808</featureStateId>
              <featureState>ACTIVATED</featureState>
            </FeatureState>
            <FeatureState>
              <featureStateId>CXC4011809</featureStateId>
              <featureState>DEACTIVATED</featureState>
            </FeatureState>
            <FeatureState>
              <featureStateId>CXC4011810</featureStateId>
              <featureState>DEACTIVATED</featureState>
            </FeatureState>
            <FeatureState>
              <featureStateId>CXC4011811</featureStateId>
              <featureState>DEACTIVATED</featureState>
            </FeatureState>
            <FeatureState>
              <featureStateId>CXC4011812</featureStateId>
              <featureState>DEACTIVATED</featureState>
            </FeatureState>
            <FeatureState>
              <featureStateId>CXC4011813</featureStateId>
              <featureState>ACTIVATED</featureState>
            </FeatureState>
            <FeatureState>
              <featureStateId>CXC4011814</featureStateId>
              <featureState>ACTIVATED</featureState>
            </FeatureState>
            <FeatureState>
              <featureStateId>CXC4011815</featureStateId>
              <featureState>DEACTIVATED</featureState>
            </FeatureState>
            <FeatureState>
              <featureStateId>CXC4011820</featureStateId>
              <featureState>ACTIVATED</featureState>
            </FeatureState>
            <FeatureState>
              <featureStateId>CXC4011822</featureStateId>
              <featureState>DEACTIVATED</featureState>
            </FeatureState>
            <FeatureState>
              <featureStateId>CXC4011840</featureStateId>
              <featureState>DEACTIVATED</featureState>
            </FeatureState>
            <FeatureState>
              <featureStateId>CXC4011842</featureStateId>
              <featureState>DEACTIVATED</featureState>
            </FeatureState>
            <FeatureState>
              <featureStateId>CXC4011910</featureStateId>
              <featureState>ACTIVATED</featureState>
            </FeatureState>
            <FeatureState>
              <featureStateId>CXC4011911</featureStateId>
              <featureState>ACTIVATED</featureState>
            </FeatureState>
            <FeatureState>
              <featureStateId>CXC4011913</featureStateId>
              <featureState>ACTIVATED</featureState>
            </FeatureState>
            <FeatureState>
              <featureStateId>CXC4011914</featureStateId>
              <featureState>ACTIVATED</featureState>
            </FeatureState>
            <FeatureState>
              <featureStateId>CXC4011917</featureStateId>
              <featureState>DEACTIVATED</featureState>
            </FeatureState>
            <FeatureState>
              <featureStateId>CXC4011918</featureStateId>
              <featureState>DEACTIVATED</featureState>
            </FeatureState>
            <FeatureState>
              <featureStateId>CXC4011922</featureStateId>
              <featureState>ACTIVATED</featureState>
            </FeatureState>
            <FeatureState>
              <featureStateId>CXC4011929</featureStateId>
              <featureState>DEACTIVATED</featureState>
            </FeatureState>
            <FeatureState>
              <featureStateId>CXC4011930</featureStateId>
              <featureState>DEACTIVATED</featureState>
            </FeatureState>
            <FeatureState>
              <featureStateId>CXC4011931</featureStateId>
              <featureState>DEACTIVATED</featureState>
            </FeatureState>
            <FeatureState>
              <featureStateId>CXC4011932</featureStateId>
              <featureState>DEACTIVATED</featureState>
            </FeatureState>
            <FeatureState>
              <featureStateId>CXC4011933</featureStateId>
              <featureState>DEACTIVATED</featureState>
            </FeatureState>
            <FeatureState>
              <featureStateId>CXC4011937</featureStateId>
              <featureState>ACTIVATED</featureState>
            </FeatureState>
            <FeatureState>
              <featureStateId>CXC4011938</featureStateId>
              <featureState>ACTIVATED</featureState>
            </FeatureState>
            <FeatureState>
              <featureStateId>CXC4011939</featureStateId>
              <featureState>ACTIVATED</featureState>
            </FeatureState>
            <FeatureState>
              <featureStateId>CXC4011940</featureStateId>
              <featureState>DEACTIVATED</featureState>
            </FeatureState>
            <FeatureState>
              <featureStateId>CXC4011941</featureStateId>
              <featureState>ACTIVATED</featureState>
            </FeatureState>
            <FeatureState>
              <featureStateId>CXC4011942</featureStateId>
              <featureState>DEACTIVATED</featureState>
            </FeatureState>
            <FeatureState>
              <featureStateId>CXC4011943</featureStateId>
              <featureState>DEACTIVATED</featureState>
            </FeatureState>
            <FeatureState>
              <featureStateId>CXC4011944</featureStateId>
              <featureState>ACTIVATED</featureState>
            </FeatureState>
            <FeatureState>
              <featureStateId>CXC4011946</featureStateId>
              <featureState>ACTIVATED</featureState>
            </FeatureState>
            <FeatureState>
              <featureStateId>CXC4011951</featureStateId>
              <featureState>DEACTIVATED</featureState>
            </FeatureState>
            <FeatureState>
              <featureStateId>CXC4011955</featureStateId>
              <featureState>ACTIVATED</featureState>
            </FeatureState>
            <FeatureState>
              <featureStateId>CXC4011958</featureStateId>
              <featureState>DEACTIVATED</featureState>
            </FeatureState>
            <FeatureState>
              <featureStateId>CXC4011966</featureStateId>
              <featureState>DEACTIVATED</featureState>
            </FeatureState>
            <FeatureState>
              <featureStateId>CXC4011967</featureStateId>
              <featureState>DEACTIVATED</featureState>
            </FeatureState>
            <FeatureState>
              <featureStateId>CXC4011968</featureStateId>
              <featureState>DEACTIVATED</featureState>
            </FeatureState>
            <FeatureState>
              <featureStateId>CXC4011969</featureStateId>
              <featureState>ACTIVATED</featureState>
            </FeatureState>
            <FeatureState>
              <featureStateId>CXC4011973</featureStateId>
              <featureState>ACTIVATED</featureState>
            </FeatureState>
            <FeatureState>
              <featureStateId>CXC4011974</featureStateId>
              <featureState>DEACTIVATED</featureState>
            </FeatureState>
            <FeatureState>
              <featureStateId>CXC4011975</featureStateId>
              <featureState>DEACTIVATED</featureState>
            </FeatureState>
            <FeatureState>
              <featureStateId>CXC4011980</featureStateId>
              <featureState>DEACTIVATED</featureState>
            </FeatureState>
            <FeatureState>
              <featureStateId>CXC4011981</featureStateId>
              <featureState>DEACTIVATED</featureState>
            </FeatureState>
            <FeatureState>
              <featureStateId>CXC4011982</featureStateId>
              <featureState>ACTIVATED</featureState>
            </FeatureState>
            <FeatureState>
              <featureStateId>CXC4011983</featureStateId>
              <featureState>DEACTIVATED</featureState>
            </FeatureState>
            <FeatureState>
              <featureStateId>CXC4011984</featureStateId>
              <featureState>DEACTIVATED</featureState>
            </FeatureState>
            <FeatureState>
              <featureStateId>CXC4011991</featureStateId>
              <featureState>DEACTIVATED</featureState>
            </FeatureState>
            <FeatureState>
              <featureStateId>CXC4011996</featureStateId>
              <featureState>DEACTIVATED</featureState>
            </FeatureState>
            <FeatureState>
              <featureStateId>CXC4011999</featureStateId>
              <featureState>ACTIVATED</featureState>
            </FeatureState>
            <FeatureState>
              <featureStateId>CXC4012002</featureStateId>
              <featureState>DEACTIVATED</featureState>
            </FeatureState>
            <FeatureState>
              <featureStateId>CXC4012003</featureStateId>
              <featureState>ACTIVATED</featureState>
            </FeatureState>
            <FeatureState>
              <featureStateId>CXC4012012</featureStateId>
              <featureState>DEACTIVATED</featureState>
            </FeatureState>
            <FeatureState>
              <featureStateId>CXC4012013</featureStateId>
              <featureState>DEACTIVATED</featureState>
            </FeatureState>
            <FeatureState>
              <featureStateId>CXC4012014</featureStateId>
              <featureState>DEACTIVATED</featureState>
            </FeatureState>
            <FeatureState>
              <featureStateId>CXC4012015</featureStateId>
              <featureState>DEACTIVATED</featureState>
            </FeatureState>
            <FeatureState>
              <featureStateId>CXC4012018</featureStateId>
              <featureState>ACTIVATED</featureState>
            </FeatureState>
            <FeatureState>
              <featureStateId>CXC4012019</featureStateId>
              <featureState>DEACTIVATED</featureState>
            </FeatureState>
            <FeatureState>
              <featureStateId>CXC4012020</featureStateId>
              <featureState>DEACTIVATED</featureState>
            </FeatureState>
            <FeatureState>
              <featureStateId>CXC4012022</featureStateId>
              <featureState>DEACTIVATED</featureState>
            </FeatureState>
            <FeatureState>
              <featureStateId>CXC4012023</featureStateId>
              <featureState>DEACTIVATED</featureState>
            </FeatureState>
            <FeatureState>
              <featureStateId>CXC4012034</featureStateId>
              <featureState>DEACTIVATED</featureState>
            </FeatureState>
            <FeatureState>
              <featureStateId>CXC4012036</featureStateId>
              <featureState>DEACTIVATED</featureState>
            </FeatureState>
            <FeatureState>
              <featureStateId>CXC4012043</featureStateId>
              <featureState>DEACTIVATED</featureState>
            </FeatureState>
            <FeatureState>
              <featureStateId>CXC4012050</featureStateId>
              <featureState>DEACTIVATED</featureState>
            </FeatureState>
            <FeatureState>
              <featureStateId>CXC4012051</featureStateId>
              <featureState>DEACTIVATED</featureState>
            </FeatureState>
            <FeatureState>
              <featureStateId>CXC4012052</featureStateId>
              <featureState>DEACTIVATED</featureState>
            </FeatureState>
            <FeatureState>
              <featureStateId>CXC4012053</featureStateId>
              <featureState>DEACTIVATED</featureState>
            </FeatureState>
            <FeatureState>
              <featureStateId>CXC4012070</featureStateId>
              <featureState>ACTIVATED</featureState>
            </FeatureState>
            <FeatureState>
              <featureStateId>CXC4012079</featureStateId>
              <featureState>ACTIVATED</featureState>
            </FeatureState>
            <FeatureState>
              <featureStateId>CXC4012081</featureStateId>
              <featureState>ACTIVATED</featureState>
            </FeatureState>
            <FeatureState>
              <featureStateId>CXC4012082</featureStateId>
              <featureState>DEACTIVATED</featureState>
            </FeatureState>
            <FeatureState>
              <featureStateId>CXC4012089</featureStateId>
              <featureState>ACTIVATED</featureState>
            </FeatureState>
            <FeatureState>
              <featureStateId>CXC4012095</featureStateId>
              <featureState>DEACTIVATED</featureState>
            </FeatureState>
            <FeatureState>
              <featureStateId>CXC4012096</featureStateId>
              <featureState>DEACTIVATED</featureState>
            </FeatureState>
            <FeatureState>
              <featureStateId>CXC4012097</featureStateId>
              <featureState>ACTIVATED</featureState>
            </FeatureState>
            <FeatureState>
              <featureStateId>CXC4012101</featureStateId>
              <featureState>DEACTIVATED</featureState>
            </FeatureState>
            <FeatureState>
              <featureStateId>CXC4012102</featureStateId>
              <featureState>DEACTIVATED</featureState>
            </FeatureState>
            <FeatureState>
              <featureStateId>CXC4012104</featureStateId>
              <featureState>DEACTIVATED</featureState>
            </FeatureState>
            <FeatureState>
              <featureStateId>CXC4012110</featureStateId>
              <featureState>DEACTIVATED</featureState>
            </FeatureState>
            <FeatureState>
              <featureStateId>CXC4012119</featureStateId>
              <featureState>DEACTIVATED</featureState>
            </FeatureState>
            <FeatureState>
              <featureStateId>CXC4012120</featureStateId>
              <featureState>DEACTIVATED</featureState>
            </FeatureState>
            <FeatureState>
              <featureStateId>CXC4012129</featureStateId>
              <featureState>ACTIVATED</featureState>
            </FeatureState>
            <FeatureState>
              <featureStateId>CXC4012131</featureStateId>
              <featureState>DEACTIVATED</featureState>
            </FeatureState>
            <FeatureState>
              <featureStateId>CXC4012157</featureStateId>
              <featureState>DEACTIVATED</featureState>
            </FeatureState>
            <FeatureState>
              <featureStateId>CXC4012162</featureStateId>
              <featureState>ACTIVATED</featureState>
            </FeatureState>
            <FeatureState>
              <featureStateId>CXC4012163</featureStateId>
              <featureState>DEACTIVATED</featureState>
            </FeatureState>
            <FeatureState>
              <featureStateId>CXC4012180</featureStateId>
              <featureState>DEACTIVATED</featureState>
            </FeatureState>
            <FeatureState>
              <featureStateId>CXC4012182</featureStateId>
              <featureState>DEACTIVATED</featureState>
            </FeatureState>
            <FeatureState>
              <featureStateId>CXC4012187</featureStateId>
              <featureState>DEACTIVATED</featureState>
            </FeatureState>
            <FeatureState>
              <featureStateId>CXC4012188</featureStateId>
              <featureState>DEACTIVATED</featureState>
            </FeatureState>
            <FeatureState>
              <featureStateId>CXC4012198</featureStateId>
              <featureState>DEACTIVATED</featureState>
            </FeatureState>
            <FeatureState>
              <featureStateId>CXC4012199</featureStateId>
              <featureState>DEACTIVATED</featureState>
            </FeatureState>
            <FeatureState>
              <featureStateId>CXC4012200</featureStateId>
              <featureState>DEACTIVATED</featureState>
            </FeatureState>
            <FeatureState>
              <featureStateId>CXC4012201</featureStateId>
              <featureState>DEACTIVATED</featureState>
            </FeatureState>
            <FeatureState>
              <featureStateId>CXC4012209</featureStateId>
              <featureState>DEACTIVATED</featureState>
            </FeatureState>
            <FeatureState>
              <featureStateId>CXC4012210</featureStateId>
              <featureState>DEACTIVATED</featureState>
            </FeatureState>
            <FeatureState>
              <featureStateId>CXC4012212</featureStateId>
              <featureState>DEACTIVATED</featureState>
            </FeatureState>
            <FeatureState>
              <featureStateId>CXC4012213</featureStateId>
              <featureState>DEACTIVATED</featureState>
            </FeatureState>
            <FeatureState>
              <featureStateId>CXC4012218</featureStateId>
              <featureState>DEACTIVATED</featureState>
            </FeatureState>
            <FeatureState>
              <featureStateId>CXC4012238</featureStateId>
              <featureState>DEACTIVATED</featureState>
            </FeatureState>
            <FeatureState>
              <featureStateId>CXC4012240</featureStateId>
              <featureState>DEACTIVATED</featureState>
            </FeatureState>
            <FeatureState>
              <featureStateId>CXC4012241</featureStateId>
              <featureState>DEACTIVATED</featureState>
            </FeatureState>
            <FeatureState>
              <featureStateId>CXC4012243</featureStateId>
              <featureState>DEACTIVATED</featureState>
            </FeatureState>
            <FeatureState>
              <featureStateId>CXC4012246</featureStateId>
              <featureState>DEACTIVATED</featureState>
            </FeatureState>
            <FeatureState>
              <featureStateId>CXC4012253</featureStateId>
              <featureState>DEACTIVATED</featureState>
            </FeatureState>
            <FeatureState>
              <featureStateId>CXC4012254</featureStateId>
              <featureState>DEACTIVATED</featureState>
            </FeatureState>
            <FeatureState>
              <featureStateId>CXC4012257</featureStateId>
              <featureState>DEACTIVATED</featureState>
            </FeatureState>
            <FeatureState>
              <featureStateId>CXC4012258</featureStateId>
              <featureState>DEACTIVATED</featureState>
            </FeatureState>
            <FeatureState>
              <featureStateId>CXC4012259</featureStateId>
              <featureState>ACTIVATED</featureState>
            </FeatureState>
            <FeatureState>
              <featureStateId>CXC4012260</featureStateId>
              <featureState>ACTIVATED</featureState>
            </FeatureState>
            <FeatureState>
              <featureStateId>CXC4012261</featureStateId>
              <featureState>DEACTIVATED</featureState>
            </FeatureState>
            <FeatureState>
              <featureStateId>CXC4012262</featureStateId>
              <featureState>DEACTIVATED</featureState>
            </FeatureState>
            <FeatureState>
              <featureStateId>CXC4012263</featureStateId>
              <featureState>DEACTIVATED</featureState>
            </FeatureState>
            <FeatureState>
              <featureStateId>CXC4012264</featureStateId>
              <featureState>DEACTIVATED</featureState>
            </FeatureState>
            <FeatureState>
              <featureStateId>CXC4012265</featureStateId>
              <featureState>DEACTIVATED</featureState>
            </FeatureState>
            <FeatureState>
              <featureStateId>CXC4012266</featureStateId>
              <featureState>DEACTIVATED</featureState>
            </FeatureState>
            <FeatureState>
              <featureStateId>CXC4012267</featureStateId>
              <featureState>DEACTIVATED</featureState>
            </FeatureState>
            <FeatureState>
              <featureStateId>CXC4012271</featureStateId>
              <featureState>DEACTIVATED</featureState>
            </FeatureState>
            <FeatureState>
              <featureStateId>CXC4012275</featureStateId>
              <featureState>DEACTIVATED</featureState>
            </FeatureState>
            <FeatureState>
              <featureStateId>CXC4012278</featureStateId>
              <featureState>DEACTIVATED</featureState>
            </FeatureState>
            <FeatureState>
              <featureStateId>CXC4012279</featureStateId>
              <featureState>DEACTIVATED</featureState>
            </FeatureState>
            <FeatureState>
              <featureStateId>CXC4012280</featureStateId>
              <featureState>DEACTIVATED</featureState>
            </FeatureState>
            <FeatureState>
              <featureStateId>CXC4012287</featureStateId>
              <featureState>DEACTIVATED</featureState>
            </FeatureState>
            <FeatureState>
              <featureStateId>CXC4012289</featureStateId>
              <featureState>DEACTIVATED</featureState>
            </FeatureState>
            <FeatureState>
              <featureStateId>CXC4012296</featureStateId>
              <featureState>DEACTIVATED</featureState>
            </FeatureState>
            <FeatureState>
              <featureStateId>CXC4012297</featureStateId>
              <featureState>DEACTIVATED</featureState>
            </FeatureState>
            <FeatureState>
              <featureStateId>CXC4012303</featureStateId>
              <featureState>DEACTIVATED</featureState>
            </FeatureState>
            <FeatureState>
              <featureStateId>CXC4012308</featureStateId>
              <featureState>DEACTIVATED</featureState>
            </FeatureState>
            <FeatureState>
              <featureStateId>CXC4012313</featureStateId>
              <featureState>DEACTIVATED</featureState>
            </FeatureState>
            <FeatureState>
              <featureStateId>CXC4040002</featureStateId>
              <featureState>DEACTIVATED</featureState>
            </FeatureState>
            <FeatureState>
              <featureStateId>CXC4040005</featureStateId>
              <featureState>ACTIVATED</featureState>
            </FeatureState>
            <FeatureState>
              <featureStateId>CXC4040007</featureStateId>
              <featureState>DEACTIVATED</featureState>
            </FeatureState>
            <FeatureState>
              <featureStateId>CXC4040008</featureStateId>
              <featureState>DEACTIVATED</featureState>
            </FeatureState>
            <FeatureState>
              <featureStateId>CXC4040009</featureStateId>
              <featureState>DEACTIVATED</featureState>
            </FeatureState>
            <FeatureState>
              <featureStateId>CXC4040010</featureStateId>
              <featureState>DEACTIVATED</featureState>
            </FeatureState>
            <FeatureState>
              <featureStateId>CXC4040011</featureStateId>
              <featureState>DEACTIVATED</featureState>
            </FeatureState>
            <FeatureState>
              <featureStateId>CXC4040013</featureStateId>
              <featureState>DEACTIVATED</featureState>
            </FeatureState>
            <FeatureState>
              <featureStateId>CXC4040014</featureStateId>
              <featureState>DEACTIVATED</featureState>
            </FeatureState>
            <FeatureState>
              <featureStateId>CXC4040015</featureStateId>
              <featureState>DEACTIVATED</featureState>
            </FeatureState>
            <FeatureState>
              <featureStateId>CXC4040016</featureStateId>
              <featureState>DEACTIVATED</featureState>
            </FeatureState>
            <FeatureState>
              <featureStateId>CXC4040017</featureStateId>
              <featureState>DEACTIVATED</featureState>
            </FeatureState>
            <FeatureState>
              <featureStateId>CXC4040018</featureStateId>
              <featureState>DEACTIVATED</featureState>
            </FeatureState>
            <FeatureState>
              <featureStateId>CXC4040019</featureStateId>
              <featureState>DEACTIVATED</featureState>
            </FeatureState>
          </Lm>
        </SystemFunctions>
      </ManagedElement>
    </config>
  </edit-config>
</rpc>
]]>]]>
<rpc message-id="Closing" xmlns="urn:ietf:params:xml:ns:netconf:base:1.0">
  <close-session></close-session>
</rpc>
]]>]]>
