<?xml version="1.0" encoding="UTF-8"?>
<!DOCTYPE Model SYSTEM "/opt/ericsson/arne/etc/arne17_0.dtd">
<Model version="1" importVersion="18.0">
  <Create>
    <Site userLabel="EJD690">
      <altitude string="0"/>
      <location string="Western"/>
      <longitude string="0"/>
      <latitude string="0"/>
      <worldTimeZoneId string="Asia/Jeddah"/>
      <freeText string=""/>
      <datum string="wgs84"/>
    </Site>
    <SubNetwork networkType="EnodeB" userLabel="Jeddah_Nodes">
      <ManagedElement sourceType="RadioNode">
        <ManagedElementId string="EJD690"/>
        <primaryType type="RadioNode"/>
        <managedElementType types="ENodeB"/>
        <associatedSite string="EJD690"/>
        <nodeVersion string="18.Q4"/>
        <platformVersion string=""/>
        <swVersion string=""/>
        <vendorName string=""/>
        <userDefinedState string=""/>
        <managedServiceAvailability int="1"/>
        <isManaged boolean="true"/>
        <neMIMVersion string=""/>
        <connectionStatus string="ON"/>
        <Connectivity>
          <DEFAULT>
            <emUrl url="https://10.74.194.125:8443/emgui/#alarm-list"/>
            <ipAddress string="10.74.200.253"/>
            <hostname string="EJD690"/>
            <nodeSecurityState state="ON"/>
            <boardId string=""/>
            <Protocol number="0">
              <protocolType string="Netconf"/>
              <port int="6513"/>
              <protocolVersion string=""/>
              <securityName string=""/>
              <authenticationMethod string=""/>
              <encryptionMethod string=""/>
              <communityString string=""/>
              <context string=""/>
              <namingUrl string=""/>
              <namingPort int=""/>
              <notificationIRPAgentVersion string=""/>
              <alarmIRPAgentVersion string=""/>
              <protocolTransport string=""/>
              <notificationIRPNamingContext context=""/>
              <alarmIRPNamingContext context=""/>
              <protocolTransport string=""/>
            </Protocol>
            <Protocol number="1">
              <protocolType string="SFTP"/>
              <port int="2024"/>
              <protocolVersion string=""/>
              <securityName string=""/>
              <authenticationMethod string=""/>
              <encryptionMethod string=""/>
              <communityString string=""/>
              <context string=""/>
              <namingUrl string=""/>
              <namingPort int=""/>
              <notificationIRPAgentVersion string=""/>
              <alarmIRPAgentVersion string=""/>
              <protocolTransport string=""/>
              <notificationIRPNamingContext context=""/>
              <alarmIRPNamingContext context=""/>
              <protocolTransport string=""/>
            </Protocol>
            <Protocol number="2">
              <protocolType string="SNMP"/>
              <port int="161"/>
              <protocolVersion string=""/>
              <securityName string=""/>
              <authenticationMethod string=""/>
              <encryptionMethod string=""/>
              <communityString string="public"/>
              <context string=""/>
              <namingUrl string=""/>
              <namingPort int=""/>
              <notificationIRPAgentVersion string=""/>
              <alarmIRPAgentVersion string=""/>
              <protocolTransport string=""/>
              <notificationIRPNamingContext context=""/>
              <alarmIRPNamingContext context=""/>
              <protocolTransport string=""/>
            </Protocol>
            <Protocol number="3">
              <protocolType string="SSH"/>
              <port int="2023"/>
              <protocolVersion string=""/>
              <securityName string=""/>
              <authenticationMethod string=""/>
              <encryptionMethod string=""/>
              <communityString string=""/>
              <context string=""/>
              <namingUrl string=""/>
              <namingPort int=""/>
              <notificationIRPAgentVersion string=""/>
              <alarmIRPAgentVersion string=""/>
              <protocolTransport string=""/>
              <notificationIRPNamingContext context=""/>
              <alarmIRPNamingContext context=""/>
              <protocolTransport string=""/>
            </Protocol>
            <Browser>
              <browser string=""/>
              <browserURL string=""/>
              <bookname string=""/>
            </Browser>
          </DEFAULT>
        </Connectivity>
        <Tss>
          <Entry>
            <System string="EJD690"/>
            <Type string="SECURE"/>
            <User string="COMUser"/>
            <Password string="welcome1"/>
          </Entry>
          <Entry>
            <System string="EJD690"/>
            <Type string="NORMAL"/>
            <User string="COMUser"/>
            <Password string="welcome1"/>
          </Entry>
        </Tss>
        <Relationship>
          <AssociableNode AssociationType="ManagedElement_to_ftpBackupStore" TO_FDN="FtpServer=SMRSSLAVE-CORE-je4gned01,FtpService=c-back-je4gned01"/>
          <AssociableNode AssociationType="ManagedElement_to_ftpConfigStore" TO_FDN="FtpServer=SMRSSLAVE-CORE-je4gned01,FtpService=c-config-je4gned01"/>
          <AssociableNode AssociationType="ManagedElement_to_ftpLicenseKeyStore" TO_FDN="FtpServer=SMRSSLAVE-CORE-je4gned01,FtpService=c-key-je4gned01"/>
          <AssociableNode AssociationType="ManagedElement_to_ftpSwStore" TO_FDN="FtpServer=SMRSSLAVE-CORE-je4gned01,FtpService=c-swstore-je4gned01"/>
          <AssociableNode AssociationType="ManagedElement_to_ftpUplink" TO_FDN="FtpServer=SMRSSLAVE-CORE-je4gned01,FtpService=c-uplink-je4gned01"/>
          <AssociableNode AssociationType="MgmtAssociation" TO_FDN="ManagementNode=ONRM"/>
        </Relationship>
      </ManagedElement>
    </SubNetwork>
  </Create>
</Model>